F1,1012,1,1998-03-26 00:00:00
F1,290,1,1998-04-17 00:00:00
F1,249,1,1998-04-19 00:00:00
F1,1039,1,1998-04-09 00:00:00
F1,270,1,1998-04-07 00:00:00
F1,324,1,1998-04-19 00:00:00
F1,334,1,1998-04-07 00:00:00
F1,312,1,1998-04-14 00:00:00
F1,316,1,1998-04-08 00:00:00
F1,246,1,1998-04-06 00:00:00
F2,334,1,1998-04-06 00:00:00
F2,312,1,1998-04-04 00:00:00
F2,1012,1,1998-03-31 00:00:00
F2,324,1,1998-04-18 00:00:00
F2,249,1,1998-04-14 00:00:00
F2,290,1,1998-04-09 00:00:00
F2,316,1,1998-04-03 00:00:00
F2,246,1,1998-04-12 00:00:00
F2,1039,1,1998-03-31 00:00:00
F2,270,1,1998-04-10 00:00:00
F3,312,1,1998-03-25 00:00:00
F3,1012,1,1998-04-13 00:00:00
F3,334,1,1998-04-14 00:00:00
F3,324,1,1998-03-28 00:00:00
F3,316,1,1998-04-08 00:00:00
F3,246,1,1998-03-27 00:00:00
F3,290,1,1998-03-27 00:00:00
F3,1039,1,1998-03-28 00:00:00
F3,249,1,1998-04-11 00:00:00
F3,270,1,1998-04-19 00:00:00
F4,324,1,1998-03-28 00:00:00
F4,246,1,1998-03-25 00:00:00
F4,312,1,1998-03-30 00:00:00
F4,1039,1,1998-04-17 00:00:00
F4,316,1,1998-04-01 00:00:00
F4,1012,1,1998-04-20 00:00:00
F4,334,1,1998-03-31 00:00:00
F4,249,1,1998-03-27 00:00:00
F4,270,1,1998-03-31 00:00:00
F4,290,1,1998-03-31 00:00:00
F5,1012,1,1998-03-28 00:00:00
F5,324,1,1998-04-16 00:00:00
F5,312,1,1998-04-09 00:00:00
F5,290,1,1998-04-05 00:00:00
F5,270,1,1998-03-27 00:00:00
F5,1039,1,1998-04-15 00:00:00
F5,334,1,1998-04-10 00:00:00
F5,249,1,1998-04-04 00:00:00
F5,246,1,1998-04-03 00:00:00
F5,316,1,1998-04-18 00:00:00
F6,324,1,1998-03-30 00:00:00
F6,290,1,1998-04-18 00:00:00
F6,246,1,1998-04-09 00:00:00
F6,312,1,1998-04-04 00:00:00
F6,270,1,1998-03-24 00:00:00
F6,1039,1,1998-04-09 00:00:00
F6,1012,1,1998-04-10 00:00:00
F6,316,1,1998-03-26 00:00:00
F6,249,1,1998-04-09 00:00:00
F6,334,1,1998-04-13 00:00:00
F7,270,1,1998-03-27 00:00:00
F7,290,1,1998-03-24 00:00:00
F7,249,1,1998-04-07 00:00:00
F7,334,1,1998-04-01 00:00:00
F7,1039,1,1998-04-19 00:00:00
F7,324,1,1998-03-30 00:00:00
F7,316,1,1998-04-21 00:00:00
F7,312,1,1998-04-19 00:00:00
F7,1012,1,1998-04-17 00:00:00
F7,246,1,1998-04-17 00:00:00
F8,270,1,1998-03-29 00:00:00
F8,316,1,1998-04-01 00:00:00
F8,1039,1,1998-04-15 00:00:00
F8,290,1,1998-03-26 00:00:00
F8,312,1,1998-04-02 00:00:00
F8,246,1,1998-03-31 00:00:00
F8,324,1,1998-03-25 00:00:00
F8,1012,1,1998-04-02 00:00:00
F8,249,1,1998-04-18 00:00:00
F8,334,1,1998-04-05 00:00:00
F9,249,1,1998-04-19 00:00:00
F9,316,1,1998-04-03 00:00:00
F9,312,1,1998-04-21 00:00:00
F9,246,1,1998-03-31 00:00:00
F9,1012,1,1998-04-21 00:00:00
F9,270,1,1998-03-25 00:00:00
F9,1039,1,1998-04-21 00:00:00
F9,334,1,1998-04-01 00:00:00
F9,324,1,1998-03-31 00:00:00
F9,290,1,1998-04-05 00:00:00
F10,290,1,1998-04-15 00:00:00
F10,324,1,1998-04-18 00:00:00
F10,1012,1,1998-04-16 00:00:00
F10,1039,1,1998-04-01 00:00:00
F10,312,1,1998-04-19 00:00:00
F10,249,1,1998-04-02 00:00:00
F10,316,1,1998-04-12 00:00:00
F10,334,1,1998-03-26 00:00:00
F10,270,1,1998-04-15 00:00:00
F10,246,1,1998-03-26 00:00:00
F11,312,1,1998-04-12 00:00:00
F11,249,1,1998-04-08 00:00:00
F11,334,1,1998-03-27 00:00:00
F11,290,1,1998-04-15 00:00:00
F11,246,1,1998-04-13 00:00:00
F11,270,1,1998-03-24 00:00:00
F11,1012,1,1998-04-11 00:00:00
F11,324,1,1998-04-12 00:00:00
F11,1039,1,1998-04-07 00:00:00
F11,316,1,1998-04-12 00:00:00
F12,249,1,1998-04-14 00:00:00
F12,246,1,1998-03-26 00:00:00
F12,1012,1,1998-04-15 00:00:00
F12,316,1,1998-04-02 00:00:00
F12,312,1,1998-04-14 00:00:00
F12,324,1,1998-04-05 00:00:00
F12,290,1,1998-04-18 00:00:00
F12,270,1,1998-04-21 00:00:00
F12,334,1,1998-04-21 00:00:00
F12,1039,1,1998-03-30 00:00:00
F13,312,1,1998-04-20 00:00:00
F13,324,1,1998-04-16 00:00:00
F13,1039,1,1998-04-06 00:00:00
F13,290,1,1998-04-14 00:00:00
F13,316,1,1998-04-05 00:00:00
F13,334,1,1998-03-29 00:00:00
F13,249,1,1998-04-14 00:00:00
F13,1012,1,1998-04-02 00:00:00
F13,270,1,1998-03-31 00:00:00
F13,246,1,1998-04-01 00:00:00
F14,316,1,1998-04-04 00:00:00
F14,249,1,1998-04-19 00:00:00
F14,1012,1,1998-04-03 00:00:00
F14,324,1,1998-03-27 00:00:00
F14,290,1,1998-03-30 00:00:00
F14,246,1,1998-04-07 00:00:00
F14,1039,1,1998-04-13 00:00:00
F14,312,1,1998-04-05 00:00:00
F14,334,1,1998-04-15 00:00:00
F14,270,1,1998-04-04 00:00:00
F15,290,1,1998-04-03 00:00:00
F15,249,1,1998-03-28 00:00:00
F15,312,1,1998-04-01 00:00:00
F15,270,1,1998-04-17 00:00:00
F15,324,1,1998-04-08 00:00:00
F15,246,1,1998-04-20 00:00:00
F15,334,1,1998-04-18 00:00:00
F15,316,1,1998-04-10 00:00:00
F15,1039,1,1998-04-17 00:00:00
F15,1012,1,1998-03-30 00:00:00
F16,290,1,1998-04-13 00:00:00
F16,316,1,1998-04-04 00:00:00
F16,1012,1,1998-04-10 00:00:00
F16,246,1,1998-04-18 00:00:00
F16,249,1,1998-04-02 00:00:00
F16,312,1,1998-04-07 00:00:00
F16,270,1,1998-04-03 00:00:00
F16,324,1,1998-04-18 00:00:00
F16,1039,1,1998-04-10 00:00:00
F16,334,1,1998-04-10 00:00:00
F17,270,1,1998-04-16 00:00:00
F17,249,1,1998-04-13 00:00:00
F17,1012,1,1998-04-09 00:00:00
F17,1039,1,1998-04-08 00:00:00
F17,312,1,1998-03-29 00:00:00
F17,324,1,1998-04-01 00:00:00
F17,290,1,1998-03-29 00:00:00
F17,316,1,1998-04-10 00:00:00
F17,246,1,1998-04-01 00:00:00
F17,334,1,1998-04-12 00:00:00
F18,1012,1,1998-04-20 00:00:00
F18,324,1,1998-04-06 00:00:00
F18,249,1,1998-03-25 00:00:00
F18,1039,1,1998-03-28 00:00:00
F18,316,1,1998-04-20 00:00:00
F18,270,1,1998-04-11 00:00:00
F18,246,1,1998-04-12 00:00:00
F18,312,1,1998-03-26 00:00:00
F18,290,1,1998-03-29 00:00:00
F18,334,1,1998-04-19 00:00:00
F19,334,1,1998-04-07 00:00:00
F19,312,1,1998-03-31 00:00:00
F19,1012,1,1998-04-12 00:00:00
F19,1039,1,1998-03-28 00:00:00
F19,290,1,1998-04-16 00:00:00
F19,249,1,1998-04-17 00:00:00
F19,316,1,1998-04-21 00:00:00
F19,270,1,1998-04-11 00:00:00
F19,246,1,1998-04-14 00:00:00
F19,324,1,1998-03-25 00:00:00
F20,334,1,1998-04-12 00:00:00
F20,290,1,1998-03-24 00:00:00
F20,249,1,1998-04-12 00:00:00
F20,246,1,1998-03-27 00:00:00
F20,1012,1,1998-04-12 00:00:00
F20,324,1,1998-04-21 00:00:00
F20,270,1,1998-04-13 00:00:00
F20,316,1,1998-04-15 00:00:00
F20,1039,1,1998-04-06 00:00:00
F20,312,1,1998-04-08 00:00:00
F21,246,1,1998-03-27 00:00:00
F21,249,1,1998-04-04 00:00:00
F21,312,1,1998-04-06 00:00:00
F21,324,1,1998-03-30 00:00:00
F21,334,1,1998-04-09 00:00:00
F21,316,1,1998-04-07 00:00:00
F21,270,1,1998-04-17 00:00:00
F21,1012,1,1998-04-21 00:00:00
F21,290,1,1998-04-17 00:00:00
F21,1039,1,1998-03-24 00:00:00
F22,334,1,1998-04-21 00:00:00
F22,316,1,1998-04-16 00:00:00
F22,290,1,1998-03-26 00:00:00
F22,249,1,1998-04-20 00:00:00
F22,246,1,1998-04-16 00:00:00
F22,270,1,1998-04-14 00:00:00
F22,1039,1,1998-04-13 00:00:00
F22,324,1,1998-04-20 00:00:00
F22,1012,1,1998-03-29 00:00:00
F22,312,1,1998-04-05 00:00:00
F23,249,1,1998-04-21 00:00:00
F23,1039,1,1998-03-30 00:00:00
F23,312,1,1998-04-20 00:00:00
F23,1012,1,1998-03-26 00:00:00
F23,246,1,1998-03-27 00:00:00
F23,334,1,1998-04-18 00:00:00
F23,270,1,1998-04-02 00:00:00
F23,316,1,1998-04-21 00:00:00
F23,290,1,1998-04-09 00:00:00
F23,324,1,1998-04-04 00:00:00
F24,334,1,1998-04-06 00:00:00
F24,249,1,1998-04-18 00:00:00
F24,246,1,1998-03-27 00:00:00
F24,312,1,1998-04-04 00:00:00
F24,290,1,1998-04-16 00:00:00
F24,1012,1,1998-03-27 00:00:00
F24,270,1,1998-04-08 00:00:00
F24,1039,1,1998-04-06 00:00:00
F24,324,1,1998-03-24 00:00:00
F24,316,1,1998-04-19 00:00:00
F25,316,1,1998-04-20 00:00:00
F25,1039,1,1998-04-06 00:00:00
F25,1012,1,1998-03-31 00:00:00
F25,324,1,1998-04-05 00:00:00
F25,334,1,1998-04-15 00:00:00
F25,312,1,1998-04-02 00:00:00
F25,290,1,1998-04-13 00:00:00
F25,249,1,1998-04-16 00:00:00
F25,246,1,1998-04-10 00:00:00
F25,270,1,1998-04-19 00:00:00
F1,385,5,1998-04-08 00:00:00
F1,1061,5,1998-04-13 00:00:00
F1,647,5,1998-04-11 00:00:00
F1,494,5,1998-03-26 00:00:00
F1,315,5,1998-04-07 00:00:00
F1,386,5,1998-04-16 00:00:00
F1,1308,5,1998-04-09 00:00:00
F1,1128,5,1998-04-20 00:00:00
F1,957,5,1998-04-04 00:00:00
F1,174,5,1998-03-28 00:00:00
F1,1238,5,1998-04-20 00:00:00
F1,963,5,1998-03-27 00:00:00
F1,303,5,1998-03-31 00:00:00
F1,1576,5,1998-04-16 00:00:00
F1,1031,5,1998-03-25 00:00:00
F1,901,5,1998-04-14 00:00:00
F1,581,5,1998-04-21 00:00:00
F1,1549,5,1998-04-07 00:00:00
F1,1516,5,1998-04-10 00:00:00
F1,954,5,1998-04-21 00:00:00
F1,586,5,1998-04-09 00:00:00
F1,911,5,1998-04-21 00:00:00
F1,797,5,1998-03-27 00:00:00
F1,1522,5,1998-04-03 00:00:00
F1,1422,5,1998-03-31 00:00:00
F1,1214,5,1998-03-28 00:00:00
F1,138,5,1998-04-05 00:00:00
F1,422,5,1998-04-20 00:00:00
F1,118,5,1998-04-17 00:00:00
F1,346,5,1998-03-24 00:00:00
F1,289,5,1998-04-15 00:00:00
F1,573,5,1998-03-31 00:00:00
F1,604,5,1998-04-16 00:00:00
F1,1330,5,1998-03-27 00:00:00
F1,837,5,1998-04-08 00:00:00
F1,1658,5,1998-03-26 00:00:00
F1,1420,5,1998-04-21 00:00:00
F1,228,5,1998-03-27 00:00:00
F1,935,5,1998-04-18 00:00:00
F1,1369,5,1998-04-04 00:00:00
F1,884,5,1998-04-04 00:00:00
F1,1444,5,1998-03-26 00:00:00
F1,1497,5,1998-04-05 00:00:00
F1,307,5,1998-04-05 00:00:00
F1,1129,5,1998-04-11 00:00:00
F1,755,5,1998-03-26 00:00:00
F1,1143,5,1998-04-08 00:00:00
F1,865,5,1998-04-11 00:00:00
F1,1312,5,1998-04-12 00:00:00
F1,603,5,1998-04-15 00:00:00
F1,1176,5,1998-03-30 00:00:00
F1,1096,5,1998-03-30 00:00:00
F1,373,5,1998-04-18 00:00:00
F1,612,5,1998-04-10 00:00:00
F1,254,5,1998-03-27 00:00:00
F1,1125,5,1998-04-21 00:00:00
F1,456,5,1998-04-14 00:00:00
F1,1524,5,1998-04-04 00:00:00
F1,567,5,1998-04-16 00:00:00
F1,221,5,1998-03-28 00:00:00
F1,1669,5,1998-03-30 00:00:00
F1,204,5,1998-04-18 00:00:00
F1,1488,5,1998-04-09 00:00:00
F1,1199,5,1998-03-27 00:00:00
F1,1334,5,1998-04-14 00:00:00
F1,1448,5,1998-03-28 00:00:00
F1,712,5,1998-04-21 00:00:00
F1,13,5,1998-04-16 00:00:00
F1,629,5,1998-04-10 00:00:00
F1,1599,5,1998-04-13 00:00:00
F1,751,5,1998-03-24 00:00:00
F1,175,5,1998-03-26 00:00:00
F1,200,5,1998-04-21 00:00:00
F1,1056,5,1998-04-15 00:00:00
F1,1627,5,1998-04-15 00:00:00
F1,562,5,1998-04-19 00:00:00
F1,486,5,1998-04-01 00:00:00
F1,30,5,1998-04-01 00:00:00
F1,1539,5,1998-03-25 00:00:00
F1,1131,5,1998-04-16 00:00:00
F1,1187,5,1998-04-20 00:00:00
F1,778,5,1998-04-04 00:00:00
F1,442,5,1998-03-29 00:00:00
F1,1267,5,1998-03-27 00:00:00
F1,85,5,1998-03-25 00:00:00
F1,94,5,1998-03-26 00:00:00
F1,999,5,1998-04-06 00:00:00
F1,828,5,1998-04-03 00:00:00
F1,1037,5,1998-04-20 00:00:00
F1,960,5,1998-04-15 00:00:00
F2,1037,5,1998-03-24 00:00:00
F2,200,5,1998-04-21 00:00:00
F2,13,5,1998-04-07 00:00:00
F2,647,5,1998-04-06 00:00:00
F2,1176,5,1998-04-04 00:00:00
F2,1308,5,1998-04-01 00:00:00
F2,1187,5,1998-04-18 00:00:00
F2,1522,5,1998-03-24 00:00:00
F2,586,5,1998-04-06 00:00:00
F2,228,5,1998-04-20 00:00:00
F2,138,5,1998-03-27 00:00:00
F2,385,5,1998-03-29 00:00:00
F2,1096,5,1998-04-05 00:00:00
F2,315,5,1998-04-11 00:00:00
F2,1131,5,1998-04-09 00:00:00
F2,1214,5,1998-04-14 00:00:00
F2,1238,5,1998-04-10 00:00:00
F2,1061,5,1998-03-27 00:00:00
F2,1549,5,1998-04-13 00:00:00
F2,118,5,1998-03-28 00:00:00
F2,837,5,1998-04-04 00:00:00
F2,1330,5,1998-04-14 00:00:00
F2,346,5,1998-04-02 00:00:00
F2,174,5,1998-04-08 00:00:00
F2,604,5,1998-03-27 00:00:00
F2,712,5,1998-04-01 00:00:00
F2,911,5,1998-04-08 00:00:00
F2,1125,5,1998-04-02 00:00:00
F2,1658,5,1998-04-20 00:00:00
F2,1199,5,1998-04-07 00:00:00
F2,963,5,1998-04-07 00:00:00
F2,494,5,1998-04-02 00:00:00
F2,1539,5,1998-03-25 00:00:00
F2,1422,5,1998-04-15 00:00:00
F2,1267,5,1998-03-29 00:00:00
F2,30,5,1998-04-06 00:00:00
F2,567,5,1998-04-01 00:00:00
F2,629,5,1998-04-02 00:00:00
F2,1488,5,1998-04-03 00:00:00
F2,1312,5,1998-04-01 00:00:00
F2,1031,5,1998-04-09 00:00:00
F2,1497,5,1998-04-14 00:00:00
F2,422,5,1998-03-29 00:00:00
F2,386,5,1998-04-03 00:00:00
F2,1334,5,1998-03-25 00:00:00
F2,828,5,1998-03-30 00:00:00
F2,1444,5,1998-04-13 00:00:00
F2,1128,5,1998-04-05 00:00:00
F2,1129,5,1998-04-18 00:00:00
F2,960,5,1998-04-11 00:00:00
F2,1056,5,1998-04-12 00:00:00
F2,935,5,1998-04-02 00:00:00
F2,999,5,1998-04-17 00:00:00
F2,954,5,1998-04-18 00:00:00
F2,751,5,1998-04-04 00:00:00
F2,1576,5,1998-04-11 00:00:00
F2,1599,5,1998-04-13 00:00:00
F2,175,5,1998-04-16 00:00:00
F2,755,5,1998-04-16 00:00:00
F2,254,5,1998-04-05 00:00:00
F2,573,5,1998-04-07 00:00:00
F2,1524,5,1998-04-07 00:00:00
F2,204,5,1998-03-24 00:00:00
F2,1627,5,1998-04-03 00:00:00
F2,865,5,1998-04-06 00:00:00
F2,289,5,1998-03-30 00:00:00
F2,85,5,1998-04-15 00:00:00
F2,1420,5,1998-03-24 00:00:00
F2,1369,5,1998-04-11 00:00:00
F2,1143,5,1998-04-16 00:00:00
F2,303,5,1998-04-19 00:00:00
F2,1516,5,1998-04-06 00:00:00
F2,221,5,1998-04-07 00:00:00
F2,486,5,1998-04-20 00:00:00
F2,1669,5,1998-04-14 00:00:00
F2,957,5,1998-03-28 00:00:00
F2,603,5,1998-04-17 00:00:00
F2,797,5,1998-04-12 00:00:00
F2,581,5,1998-04-16 00:00:00
F2,884,5,1998-04-16 00:00:00
F2,307,5,1998-04-19 00:00:00
F2,94,5,1998-03-30 00:00:00
F2,1448,5,1998-03-26 00:00:00
F2,778,5,1998-04-21 00:00:00
F2,373,5,1998-04-05 00:00:00
F2,612,5,1998-03-28 00:00:00
F2,442,5,1998-03-25 00:00:00
F2,456,5,1998-04-01 00:00:00
F2,562,5,1998-04-08 00:00:00
F2,901,5,1998-03-31 00:00:00
F3,1330,5,1998-03-31 00:00:00
F3,1627,5,1998-04-15 00:00:00
F3,1031,5,1998-04-05 00:00:00
F3,712,5,1998-04-05 00:00:00
F3,1131,5,1998-03-26 00:00:00
F3,1522,5,1998-04-01 00:00:00
F3,1539,5,1998-03-24 00:00:00
F3,586,5,1998-03-29 00:00:00
F3,1488,5,1998-04-10 00:00:00
F3,581,5,1998-04-19 00:00:00
F3,30,5,1998-03-27 00:00:00
F3,957,5,1998-04-12 00:00:00
F3,1497,5,1998-04-20 00:00:00
F3,797,5,1998-04-07 00:00:00
F3,612,5,1998-04-03 00:00:00
F3,486,5,1998-03-28 00:00:00
F3,999,5,1998-04-21 00:00:00
F3,1096,5,1998-03-25 00:00:00
F3,442,5,1998-04-09 00:00:00
F3,911,5,1998-04-10 00:00:00
F3,385,5,1998-03-31 00:00:00
F3,1658,5,1998-04-16 00:00:00
F3,494,5,1998-04-16 00:00:00
F3,303,5,1998-04-04 00:00:00
F3,865,5,1998-04-18 00:00:00
F3,456,5,1998-04-06 00:00:00
F3,118,5,1998-04-16 00:00:00
F3,200,5,1998-04-08 00:00:00
F3,289,5,1998-04-11 00:00:00
F3,1549,5,1998-04-13 00:00:00
F3,1448,5,1998-04-19 00:00:00
F3,603,5,1998-04-13 00:00:00
F3,1128,5,1998-04-21 00:00:00
F3,1422,5,1998-04-19 00:00:00
F3,1056,5,1998-03-30 00:00:00
F3,1238,5,1998-04-06 00:00:00
F3,1599,5,1998-03-27 00:00:00
F3,1312,5,1998-04-03 00:00:00
F3,1576,5,1998-04-01 00:00:00
F3,1420,5,1998-04-13 00:00:00
F3,175,5,1998-03-25 00:00:00
F3,1037,5,1998-04-14 00:00:00
F3,778,5,1998-04-11 00:00:00
F3,315,5,1998-04-18 00:00:00
F3,1267,5,1998-04-03 00:00:00
F3,562,5,1998-04-17 00:00:00
F3,1129,5,1998-04-16 00:00:00
F3,1308,5,1998-03-25 00:00:00
F3,1143,5,1998-04-10 00:00:00
F3,1187,5,1998-03-29 00:00:00
F3,604,5,1998-04-14 00:00:00
F3,935,5,1998-03-26 00:00:00
F3,228,5,1998-04-07 00:00:00
F3,751,5,1998-03-28 00:00:00
F3,204,5,1998-04-09 00:00:00
F3,837,5,1998-04-09 00:00:00
F3,901,5,1998-04-13 00:00:00
F3,174,5,1998-04-06 00:00:00
F3,884,5,1998-04-19 00:00:00
F3,1334,5,1998-03-27 00:00:00
F3,1125,5,1998-03-25 00:00:00
F3,1061,5,1998-04-14 00:00:00
F3,755,5,1998-04-19 00:00:00
F3,1199,5,1998-04-14 00:00:00
F3,954,5,1998-04-07 00:00:00
F3,221,5,1998-04-17 00:00:00
F3,567,5,1998-04-17 00:00:00
F3,1516,5,1998-04-14 00:00:00
F3,1176,5,1998-04-18 00:00:00
F3,1369,5,1998-04-19 00:00:00
F3,1444,5,1998-04-20 00:00:00
F3,254,5,1998-04-21 00:00:00
F3,13,5,1998-03-26 00:00:00
F3,85,5,1998-04-09 00:00:00
F3,1669,5,1998-03-25 00:00:00
F3,647,5,1998-04-10 00:00:00
F3,1214,5,1998-04-01 00:00:00
F3,386,5,1998-04-04 00:00:00
F3,629,5,1998-04-12 00:00:00
F3,138,5,1998-04-14 00:00:00
F3,94,5,1998-04-09 00:00:00
F3,960,5,1998-04-09 00:00:00
F3,346,5,1998-03-31 00:00:00
F3,963,5,1998-04-16 00:00:00
F3,422,5,1998-03-25 00:00:00
F3,1524,5,1998-04-05 00:00:00
F3,373,5,1998-04-21 00:00:00
F3,573,5,1998-04-01 00:00:00
F3,307,5,1998-04-20 00:00:00
F3,828,5,1998-04-03 00:00:00
F4,1031,5,1998-04-20 00:00:00
F4,581,5,1998-03-26 00:00:00
F4,1627,5,1998-03-31 00:00:00
F4,373,5,1998-04-05 00:00:00
F4,1658,5,1998-04-19 00:00:00
F4,1334,5,1998-03-29 00:00:00
F4,884,5,1998-03-26 00:00:00
F4,486,5,1998-04-17 00:00:00
F4,1131,5,1998-04-02 00:00:00
F4,999,5,1998-04-11 00:00:00
F4,85,5,1998-04-16 00:00:00
F4,118,5,1998-03-26 00:00:00
F4,1669,5,1998-04-14 00:00:00
F4,1549,5,1998-03-28 00:00:00
F4,221,5,1998-04-16 00:00:00
F4,204,5,1998-04-10 00:00:00
F4,1056,5,1998-03-31 00:00:00
F4,911,5,1998-04-11 00:00:00
F4,1128,5,1998-04-20 00:00:00
F4,1420,5,1998-04-17 00:00:00
F4,200,5,1998-04-06 00:00:00
F4,138,5,1998-04-13 00:00:00
F4,1448,5,1998-04-19 00:00:00
F4,586,5,1998-04-05 00:00:00
F4,778,5,1998-03-30 00:00:00
F4,629,5,1998-04-19 00:00:00
F4,346,5,1998-03-30 00:00:00
F4,385,5,1998-04-03 00:00:00
F4,1061,5,1998-04-05 00:00:00
F4,1539,5,1998-04-21 00:00:00
F4,647,5,1998-04-07 00:00:00
F4,1267,5,1998-04-02 00:00:00
F4,612,5,1998-03-27 00:00:00
F4,174,5,1998-04-18 00:00:00
F4,901,5,1998-03-24 00:00:00
F4,30,5,1998-04-13 00:00:00
F4,1524,5,1998-04-04 00:00:00
F4,1037,5,1998-04-01 00:00:00
F4,1497,5,1998-04-06 00:00:00
F4,422,5,1998-04-07 00:00:00
F4,307,5,1998-04-11 00:00:00
F4,755,5,1998-04-21 00:00:00
F4,1488,5,1998-04-15 00:00:00
F4,957,5,1998-04-04 00:00:00
F4,837,5,1998-04-14 00:00:00
F4,1444,5,1998-04-12 00:00:00
F4,1369,5,1998-04-14 00:00:00
F4,1308,5,1998-04-09 00:00:00
F4,960,5,1998-04-07 00:00:00
F4,315,5,1998-04-14 00:00:00
F4,573,5,1998-03-26 00:00:00
F4,935,5,1998-04-04 00:00:00
F4,1522,5,1998-04-13 00:00:00
F4,797,5,1998-04-14 00:00:00
F4,13,5,1998-04-20 00:00:00
F4,1129,5,1998-03-30 00:00:00
F4,254,5,1998-03-27 00:00:00
F4,1176,5,1998-04-14 00:00:00
F4,865,5,1998-03-26 00:00:00
F4,1516,5,1998-03-29 00:00:00
F4,828,5,1998-04-06 00:00:00
F4,1187,5,1998-03-31 00:00:00
F4,603,5,1998-04-04 00:00:00
F4,1199,5,1998-03-31 00:00:00
F4,1096,5,1998-04-06 00:00:00
F4,1214,5,1998-03-26 00:00:00
F4,1143,5,1998-03-30 00:00:00
F4,1422,5,1998-04-13 00:00:00
F4,1599,5,1998-03-24 00:00:00
F4,751,5,1998-04-11 00:00:00
F4,442,5,1998-04-18 00:00:00
F4,567,5,1998-04-03 00:00:00
F4,456,5,1998-04-07 00:00:00
F4,386,5,1998-04-03 00:00:00
F4,1576,5,1998-04-14 00:00:00
F4,289,5,1998-04-20 00:00:00
F4,954,5,1998-03-24 00:00:00
F4,712,5,1998-03-30 00:00:00
F4,963,5,1998-03-31 00:00:00
F4,562,5,1998-03-27 00:00:00
F4,1125,5,1998-04-17 00:00:00
F4,228,5,1998-04-07 00:00:00
F4,303,5,1998-04-11 00:00:00
F4,1238,5,1998-04-18 00:00:00
F4,604,5,1998-04-21 00:00:00
F4,94,5,1998-04-04 00:00:00
F4,1330,5,1998-03-24 00:00:00
F4,494,5,1998-04-05 00:00:00
F4,1312,5,1998-04-19 00:00:00
F4,175,5,1998-03-30 00:00:00
F5,1448,5,1998-04-08 00:00:00
F5,1125,5,1998-04-15 00:00:00
F5,1522,5,1998-03-25 00:00:00
F5,1422,5,1998-03-24 00:00:00
F5,1128,5,1998-03-29 00:00:00
F5,828,5,1998-04-18 00:00:00
F5,603,5,1998-04-01 00:00:00
F5,901,5,1998-03-28 00:00:00
F5,1176,5,1998-04-05 00:00:00
F5,1129,5,1998-04-19 00:00:00
F5,1312,5,1998-03-27 00:00:00
F5,422,5,1998-04-13 00:00:00
F5,954,5,1998-04-21 00:00:00
F5,1056,5,1998-03-26 00:00:00
F5,604,5,1998-04-20 00:00:00
F5,221,5,1998-04-02 00:00:00
F5,1143,5,1998-04-04 00:00:00
F5,289,5,1998-03-26 00:00:00
F5,486,5,1998-04-14 00:00:00
F5,1061,5,1998-04-17 00:00:00
F5,1037,5,1998-04-16 00:00:00
F5,94,5,1998-04-20 00:00:00
F5,30,5,1998-04-11 00:00:00
F5,1330,5,1998-04-01 00:00:00
F5,712,5,1998-03-31 00:00:00
F5,1214,5,1998-04-16 00:00:00
F5,957,5,1998-04-04 00:00:00
F5,228,5,1998-04-15 00:00:00
F5,1199,5,1998-04-05 00:00:00
F5,1576,5,1998-04-05 00:00:00
F5,1516,5,1998-03-26 00:00:00
F5,307,5,1998-04-03 00:00:00
F5,1444,5,1998-04-17 00:00:00
F5,911,5,1998-04-18 00:00:00
F5,935,5,1998-04-17 00:00:00
F5,1488,5,1998-04-10 00:00:00
F5,1420,5,1998-04-10 00:00:00
F5,1308,5,1998-04-11 00:00:00
F5,1369,5,1998-03-30 00:00:00
F5,647,5,1998-04-15 00:00:00
F5,963,5,1998-04-13 00:00:00
F5,567,5,1998-03-24 00:00:00
F5,315,5,1998-04-02 00:00:00
F5,755,5,1998-04-20 00:00:00
F5,586,5,1998-03-25 00:00:00
F5,138,5,1998-04-15 00:00:00
F5,1334,5,1998-04-03 00:00:00
F5,175,5,1998-04-18 00:00:00
F5,1096,5,1998-04-03 00:00:00
F5,1669,5,1998-03-29 00:00:00
F5,562,5,1998-04-21 00:00:00
F5,254,5,1998-04-14 00:00:00
F5,303,5,1998-03-30 00:00:00
F5,1524,5,1998-03-25 00:00:00
F5,999,5,1998-04-14 00:00:00
F5,85,5,1998-04-09 00:00:00
F5,778,5,1998-04-05 00:00:00
F5,573,5,1998-04-21 00:00:00
F5,837,5,1998-04-21 00:00:00
F5,884,5,1998-04-16 00:00:00
F5,174,5,1998-04-05 00:00:00
F5,612,5,1998-03-31 00:00:00
F5,204,5,1998-03-26 00:00:00
F5,200,5,1998-04-14 00:00:00
F5,1549,5,1998-03-27 00:00:00
F5,385,5,1998-03-26 00:00:00
F5,1238,5,1998-03-26 00:00:00
F5,386,5,1998-03-25 00:00:00
F5,1497,5,1998-04-01 00:00:00
F5,494,5,1998-04-12 00:00:00
F5,1267,5,1998-04-19 00:00:00
F5,13,5,1998-04-01 00:00:00
F5,346,5,1998-04-13 00:00:00
F5,1187,5,1998-04-11 00:00:00
F5,1031,5,1998-04-17 00:00:00
F5,865,5,1998-03-24 00:00:00
F5,373,5,1998-03-24 00:00:00
F5,1627,5,1998-04-02 00:00:00
F5,1599,5,1998-03-29 00:00:00
F5,442,5,1998-03-29 00:00:00
F5,797,5,1998-04-09 00:00:00
F5,456,5,1998-04-16 00:00:00
F5,581,5,1998-04-07 00:00:00
F5,1131,5,1998-03-28 00:00:00
F5,960,5,1998-03-31 00:00:00
F5,751,5,1998-03-27 00:00:00
F5,1539,5,1998-04-16 00:00:00
F5,118,5,1998-04-16 00:00:00
F5,629,5,1998-04-09 00:00:00
F5,1658,5,1998-04-08 00:00:00
F6,963,5,1998-04-01 00:00:00
F6,200,5,1998-03-27 00:00:00
F6,960,5,1998-04-08 00:00:00
F6,1238,5,1998-04-20 00:00:00
F6,828,5,1998-03-30 00:00:00
F6,422,5,1998-04-12 00:00:00
F6,346,5,1998-04-16 00:00:00
F6,567,5,1998-04-06 00:00:00
F6,13,5,1998-04-09 00:00:00
F6,175,5,1998-04-03 00:00:00
F6,884,5,1998-04-18 00:00:00
F6,221,5,1998-04-09 00:00:00
F6,307,5,1998-03-28 00:00:00
F6,1308,5,1998-04-12 00:00:00
F6,1187,5,1998-04-09 00:00:00
F6,1420,5,1998-04-02 00:00:00
F6,254,5,1998-04-14 00:00:00
F6,935,5,1998-04-19 00:00:00
F6,778,5,1998-03-24 00:00:00
F6,1658,5,1998-03-28 00:00:00
F6,1096,5,1998-04-02 00:00:00
F6,30,5,1998-03-25 00:00:00
F6,612,5,1998-04-14 00:00:00
F6,385,5,1998-04-13 00:00:00
F6,581,5,1998-04-01 00:00:00
F6,1524,5,1998-04-04 00:00:00
F6,573,5,1998-03-24 00:00:00
F6,1330,5,1998-04-16 00:00:00
F6,1422,5,1998-03-31 00:00:00
F6,1214,5,1998-04-05 00:00:00
F6,603,5,1998-04-04 00:00:00
F6,712,5,1998-03-24 00:00:00
F6,94,5,1998-03-26 00:00:00
F6,957,5,1998-04-04 00:00:00
F6,837,5,1998-03-24 00:00:00
F6,1031,5,1998-03-31 00:00:00
F6,1522,5,1998-04-09 00:00:00
F6,604,5,1998-04-21 00:00:00
F6,647,5,1998-04-09 00:00:00
F6,1599,5,1998-03-27 00:00:00
F6,1143,5,1998-03-31 00:00:00
F6,751,5,1998-04-13 00:00:00
F6,1131,5,1998-04-18 00:00:00
F6,1549,5,1998-04-02 00:00:00
F6,1488,5,1998-04-21 00:00:00
F6,1576,5,1998-03-29 00:00:00
F6,118,5,1998-04-07 00:00:00
F6,562,5,1998-04-09 00:00:00
F6,204,5,1998-04-13 00:00:00
F6,1056,5,1998-04-03 00:00:00
F6,386,5,1998-04-05 00:00:00
F6,1199,5,1998-04-11 00:00:00
F6,797,5,1998-04-13 00:00:00
F6,1334,5,1998-04-05 00:00:00
F6,1448,5,1998-04-10 00:00:00
F6,755,5,1998-04-19 00:00:00
F6,486,5,1998-03-30 00:00:00
F6,1627,5,1998-04-20 00:00:00
F6,303,5,1998-03-26 00:00:00
F6,1125,5,1998-04-21 00:00:00
F6,586,5,1998-04-04 00:00:00
F6,901,5,1998-04-16 00:00:00
F6,228,5,1998-04-16 00:00:00
F6,289,5,1998-04-19 00:00:00
F6,174,5,1998-04-11 00:00:00
F6,373,5,1998-04-10 00:00:00
F6,1444,5,1998-04-10 00:00:00
F6,1669,5,1998-04-15 00:00:00
F6,1061,5,1998-04-17 00:00:00
F6,1539,5,1998-04-03 00:00:00
F6,1312,5,1998-03-27 00:00:00
F6,1176,5,1998-03-27 00:00:00
F6,954,5,1998-03-26 00:00:00
F6,1129,5,1998-04-18 00:00:00
F6,1497,5,1998-03-26 00:00:00
F6,1369,5,1998-04-10 00:00:00
F6,865,5,1998-03-28 00:00:00
F6,911,5,1998-04-12 00:00:00
F6,456,5,1998-04-13 00:00:00
F6,494,5,1998-03-30 00:00:00
F6,1516,5,1998-04-15 00:00:00
F6,442,5,1998-04-17 00:00:00
F6,315,5,1998-04-09 00:00:00
F6,1037,5,1998-04-17 00:00:00
F6,1267,5,1998-04-20 00:00:00
F6,629,5,1998-03-31 00:00:00
F6,1128,5,1998-04-13 00:00:00
F6,999,5,1998-04-06 00:00:00
F6,85,5,1998-04-08 00:00:00
F6,138,5,1998-03-30 00:00:00
F7,1096,5,1998-04-20 00:00:00
F7,204,5,1998-03-30 00:00:00
F7,1448,5,1998-04-08 00:00:00
F7,1308,5,1998-04-16 00:00:00
F7,303,5,1998-03-31 00:00:00
F7,1037,5,1998-04-03 00:00:00
F7,957,5,1998-04-15 00:00:00
F7,13,5,1998-04-01 00:00:00
F7,573,5,1998-04-07 00:00:00
F7,1330,5,1998-04-06 00:00:00
F7,1627,5,1998-03-26 00:00:00
F7,828,5,1998-04-14 00:00:00
F7,174,5,1998-04-14 00:00:00
F7,200,5,1998-04-19 00:00:00
F7,1238,5,1998-04-11 00:00:00
F7,778,5,1998-04-15 00:00:00
F7,1129,5,1998-04-03 00:00:00
F7,1516,5,1998-04-06 00:00:00
F7,1176,5,1998-03-31 00:00:00
F7,954,5,1998-03-27 00:00:00
F7,837,5,1998-03-24 00:00:00
F7,94,5,1998-04-20 00:00:00
F7,999,5,1998-03-29 00:00:00
F7,797,5,1998-04-09 00:00:00
F7,307,5,1998-03-25 00:00:00
F7,865,5,1998-04-21 00:00:00
F7,629,5,1998-03-28 00:00:00
F7,85,5,1998-04-16 00:00:00
F7,385,5,1998-04-05 00:00:00
F7,603,5,1998-04-10 00:00:00
F7,1599,5,1998-04-10 00:00:00
F7,175,5,1998-04-20 00:00:00
F7,442,5,1998-04-02 00:00:00
F7,712,5,1998-04-10 00:00:00
F7,751,5,1998-03-26 00:00:00
F7,884,5,1998-04-06 00:00:00
F7,422,5,1998-04-06 00:00:00
F7,1420,5,1998-04-07 00:00:00
F7,1128,5,1998-04-13 00:00:00
F7,1187,5,1998-04-10 00:00:00
F7,1199,5,1998-04-13 00:00:00
F7,30,5,1998-04-02 00:00:00
F7,1125,5,1998-03-30 00:00:00
F7,118,5,1998-03-27 00:00:00
F7,1444,5,1998-03-26 00:00:00
F7,567,5,1998-04-03 00:00:00
F7,562,5,1998-04-09 00:00:00
F7,935,5,1998-04-11 00:00:00
F7,604,5,1998-04-04 00:00:00
F7,1549,5,1998-04-01 00:00:00
F7,612,5,1998-04-01 00:00:00
F7,486,5,1998-04-07 00:00:00
F7,755,5,1998-04-03 00:00:00
F7,1061,5,1998-04-06 00:00:00
F7,1143,5,1998-04-12 00:00:00
F7,456,5,1998-04-15 00:00:00
F7,1312,5,1998-04-20 00:00:00
F7,1576,5,1998-03-31 00:00:00
F7,1214,5,1998-04-13 00:00:00
F7,1669,5,1998-04-16 00:00:00
F7,586,5,1998-04-15 00:00:00
F7,346,5,1998-04-18 00:00:00
F7,1031,5,1998-03-30 00:00:00
F7,963,5,1998-04-11 00:00:00
F7,221,5,1998-04-13 00:00:00
F7,1522,5,1998-03-30 00:00:00
F7,494,5,1998-03-30 00:00:00
F7,228,5,1998-03-30 00:00:00
F7,254,5,1998-04-06 00:00:00
F7,373,5,1998-04-03 00:00:00
F7,1056,5,1998-03-27 00:00:00
F7,315,5,1998-04-06 00:00:00
F7,1658,5,1998-04-02 00:00:00
F7,647,5,1998-03-24 00:00:00
F7,1524,5,1998-04-10 00:00:00
F7,289,5,1998-04-08 00:00:00
F7,1539,5,1998-03-26 00:00:00
F7,581,5,1998-04-10 00:00:00
F7,1497,5,1998-04-02 00:00:00
F7,138,5,1998-03-24 00:00:00
F7,1267,5,1998-03-29 00:00:00
F7,1131,5,1998-04-06 00:00:00
F7,1369,5,1998-04-15 00:00:00
F7,901,5,1998-04-05 00:00:00
F7,1422,5,1998-04-03 00:00:00
F7,911,5,1998-04-09 00:00:00
F7,960,5,1998-04-09 00:00:00
F7,386,5,1998-04-10 00:00:00
F7,1488,5,1998-03-25 00:00:00
F7,1334,5,1998-03-26 00:00:00
F8,1422,5,1998-03-29 00:00:00
F8,999,5,1998-04-01 00:00:00
F8,1488,5,1998-03-29 00:00:00
F8,1214,5,1998-04-21 00:00:00
F8,200,5,1998-04-07 00:00:00
F8,1199,5,1998-04-08 00:00:00
F8,1125,5,1998-04-10 00:00:00
F8,1031,5,1998-04-09 00:00:00
F8,289,5,1998-04-10 00:00:00
F8,175,5,1998-04-21 00:00:00
F8,1522,5,1998-04-21 00:00:00
F8,1238,5,1998-04-06 00:00:00
F8,1669,5,1998-03-29 00:00:00
F8,94,5,1998-04-16 00:00:00
F8,118,5,1998-04-09 00:00:00
F8,1128,5,1998-04-07 00:00:00
F8,1176,5,1998-04-02 00:00:00
F8,581,5,1998-03-31 00:00:00
F8,865,5,1998-03-27 00:00:00
F8,13,5,1998-03-25 00:00:00
F8,307,5,1998-04-19 00:00:00
F8,573,5,1998-04-15 00:00:00
F8,1444,5,1998-03-30 00:00:00
F8,386,5,1998-03-29 00:00:00
F8,1576,5,1998-04-04 00:00:00
F8,1524,5,1998-04-14 00:00:00
F8,954,5,1998-03-27 00:00:00
F8,85,5,1998-04-17 00:00:00
F8,778,5,1998-04-01 00:00:00
F8,1420,5,1998-03-24 00:00:00
F8,963,5,1998-04-01 00:00:00
F8,755,5,1998-03-31 00:00:00
F8,422,5,1998-03-25 00:00:00
F8,935,5,1998-04-21 00:00:00
F8,1599,5,1998-04-12 00:00:00
F8,204,5,1998-04-11 00:00:00
F8,828,5,1998-03-26 00:00:00
F8,303,5,1998-03-27 00:00:00
F8,385,5,1998-04-18 00:00:00
F8,1497,5,1998-04-09 00:00:00
F8,1627,5,1998-04-11 00:00:00
F8,315,5,1998-03-31 00:00:00
F8,1037,5,1998-04-18 00:00:00
F8,221,5,1998-04-07 00:00:00
F8,174,5,1998-03-24 00:00:00
F8,960,5,1998-04-21 00:00:00
F8,712,5,1998-03-31 00:00:00
F8,1143,5,1998-03-25 00:00:00
F8,884,5,1998-04-12 00:00:00
F8,254,5,1998-04-19 00:00:00
F8,486,5,1998-04-18 00:00:00
F8,1308,5,1998-03-30 00:00:00
F8,612,5,1998-04-17 00:00:00
F8,1658,5,1998-04-08 00:00:00
F8,957,5,1998-04-08 00:00:00
F8,562,5,1998-04-15 00:00:00
F8,1448,5,1998-03-27 00:00:00
F8,1312,5,1998-03-27 00:00:00
F8,228,5,1998-03-24 00:00:00
F8,373,5,1998-04-17 00:00:00
F8,1516,5,1998-04-09 00:00:00
F8,629,5,1998-04-19 00:00:00
F8,603,5,1998-04-17 00:00:00
F8,1334,5,1998-04-07 00:00:00
F8,346,5,1998-03-29 00:00:00
F8,1330,5,1998-03-26 00:00:00
F8,604,5,1998-04-04 00:00:00
F8,456,5,1998-04-19 00:00:00
F8,1539,5,1998-04-08 00:00:00
F8,1061,5,1998-04-10 00:00:00
F8,911,5,1998-03-26 00:00:00
F8,567,5,1998-03-30 00:00:00
F8,1187,5,1998-04-11 00:00:00
F8,837,5,1998-03-26 00:00:00
F8,797,5,1998-04-03 00:00:00
F8,494,5,1998-03-30 00:00:00
F8,30,5,1998-04-20 00:00:00
F8,1369,5,1998-04-05 00:00:00
F8,1549,5,1998-04-16 00:00:00
F8,138,5,1998-04-04 00:00:00
F8,647,5,1998-04-15 00:00:00
F8,1096,5,1998-04-05 00:00:00
F8,1267,5,1998-04-18 00:00:00
F8,1129,5,1998-03-29 00:00:00
F8,586,5,1998-03-25 00:00:00
F8,1056,5,1998-03-26 00:00:00
F8,901,5,1998-04-03 00:00:00
F8,751,5,1998-04-13 00:00:00
F8,442,5,1998-03-26 00:00:00
F8,1131,5,1998-04-01 00:00:00
F9,954,5,1998-04-10 00:00:00
F9,422,5,1998-04-11 00:00:00
F9,1669,5,1998-04-19 00:00:00
F9,1444,5,1998-04-05 00:00:00
F9,386,5,1998-04-08 00:00:00
F9,346,5,1998-04-20 00:00:00
F9,1214,5,1998-03-29 00:00:00
F9,1539,5,1998-04-08 00:00:00
F9,175,5,1998-04-17 00:00:00
F9,562,5,1998-04-11 00:00:00
F9,289,5,1998-03-31 00:00:00
F9,303,5,1998-04-14 00:00:00
F9,612,5,1998-04-15 00:00:00
F9,603,5,1998-04-14 00:00:00
F9,1522,5,1998-04-09 00:00:00
F9,494,5,1998-04-16 00:00:00
F9,254,5,1998-04-15 00:00:00
F9,647,5,1998-04-21 00:00:00
F9,911,5,1998-04-19 00:00:00
F9,200,5,1998-04-09 00:00:00
F9,385,5,1998-03-28 00:00:00
F9,1448,5,1998-04-11 00:00:00
F9,1238,5,1998-04-12 00:00:00
F9,837,5,1998-03-26 00:00:00
F9,778,5,1998-04-09 00:00:00
F9,1056,5,1998-04-10 00:00:00
F9,573,5,1998-04-18 00:00:00
F9,315,5,1998-04-21 00:00:00
F9,1143,5,1998-04-19 00:00:00
F9,884,5,1998-04-18 00:00:00
F9,1061,5,1998-04-13 00:00:00
F9,1488,5,1998-04-14 00:00:00
F9,118,5,1998-04-11 00:00:00
F9,567,5,1998-03-31 00:00:00
F9,1199,5,1998-03-31 00:00:00
F9,828,5,1998-04-07 00:00:00
F9,865,5,1998-04-02 00:00:00
F9,1128,5,1998-04-11 00:00:00
F9,1187,5,1998-04-11 00:00:00
F9,604,5,1998-03-27 00:00:00
F9,1576,5,1998-04-05 00:00:00
F9,1125,5,1998-04-01 00:00:00
F9,712,5,1998-04-09 00:00:00
F9,1129,5,1998-04-13 00:00:00
F9,307,5,1998-04-16 00:00:00
F9,1312,5,1998-03-31 00:00:00
F9,456,5,1998-03-31 00:00:00
F9,1037,5,1998-04-10 00:00:00
F9,629,5,1998-04-20 00:00:00
F9,486,5,1998-04-09 00:00:00
F9,1267,5,1998-04-06 00:00:00
F9,1420,5,1998-04-03 00:00:00
F9,957,5,1998-04-20 00:00:00
F9,174,5,1998-04-15 00:00:00
F9,1131,5,1998-04-12 00:00:00
F9,1096,5,1998-04-05 00:00:00
F9,442,5,1998-04-07 00:00:00
F9,373,5,1998-04-03 00:00:00
F9,1516,5,1998-03-24 00:00:00
F9,13,5,1998-03-26 00:00:00
F9,901,5,1998-04-10 00:00:00
F9,1176,5,1998-04-02 00:00:00
F9,586,5,1998-04-15 00:00:00
F9,85,5,1998-04-19 00:00:00
F9,1658,5,1998-04-02 00:00:00
F9,999,5,1998-04-19 00:00:00
F9,204,5,1998-04-02 00:00:00
F9,935,5,1998-04-18 00:00:00
F9,1330,5,1998-03-31 00:00:00
F9,751,5,1998-04-18 00:00:00
F9,1497,5,1998-04-07 00:00:00
F9,1031,5,1998-04-04 00:00:00
F9,797,5,1998-03-31 00:00:00
F9,1599,5,1998-04-07 00:00:00
F9,1334,5,1998-03-29 00:00:00
F9,30,5,1998-04-11 00:00:00
F9,1369,5,1998-04-19 00:00:00
F9,94,5,1998-03-27 00:00:00
F9,963,5,1998-04-14 00:00:00
F9,755,5,1998-04-07 00:00:00
F9,581,5,1998-04-03 00:00:00
F9,1422,5,1998-03-29 00:00:00
F9,960,5,1998-03-27 00:00:00
F9,1549,5,1998-04-18 00:00:00
F9,138,5,1998-04-06 00:00:00
F9,1308,5,1998-03-29 00:00:00
F9,228,5,1998-04-18 00:00:00
F9,1627,5,1998-04-01 00:00:00
F9,221,5,1998-04-18 00:00:00
F9,1524,5,1998-04-04 00:00:00
F10,935,5,1998-04-12 00:00:00
F10,200,5,1998-04-08 00:00:00
F10,1312,5,1998-04-12 00:00:00
F10,486,5,1998-03-30 00:00:00
F10,174,5,1998-04-15 00:00:00
F10,1308,5,1998-03-29 00:00:00
F10,1516,5,1998-03-24 00:00:00
F10,573,5,1998-03-30 00:00:00
F10,1422,5,1998-04-01 00:00:00
F10,1031,5,1998-04-06 00:00:00
F10,1143,5,1998-04-01 00:00:00
F10,837,5,1998-04-03 00:00:00
F10,303,5,1998-04-21 00:00:00
F10,1576,5,1998-04-16 00:00:00
F10,960,5,1998-04-15 00:00:00
F10,1131,5,1998-03-31 00:00:00
F10,204,5,1998-03-29 00:00:00
F10,1128,5,1998-03-26 00:00:00
F10,422,5,1998-04-04 00:00:00
F10,604,5,1998-04-13 00:00:00
F10,1369,5,1998-04-08 00:00:00
F10,1497,5,1998-04-14 00:00:00
F10,603,5,1998-03-27 00:00:00
F10,442,5,1998-04-06 00:00:00
F10,562,5,1998-04-07 00:00:00
F10,386,5,1998-03-31 00:00:00
F10,1669,5,1998-04-08 00:00:00
F10,797,5,1998-04-16 00:00:00
F10,581,5,1998-04-20 00:00:00
F10,1056,5,1998-04-13 00:00:00
F10,1096,5,1998-04-19 00:00:00
F10,567,5,1998-04-12 00:00:00
F10,1524,5,1998-04-08 00:00:00
F10,373,5,1998-03-25 00:00:00
F10,1549,5,1998-04-05 00:00:00
F10,1658,5,1998-03-27 00:00:00
F10,1129,5,1998-04-08 00:00:00
F10,778,5,1998-04-07 00:00:00
F10,884,5,1998-04-16 00:00:00
F10,712,5,1998-03-27 00:00:00
F10,1037,5,1998-04-13 00:00:00
F10,221,5,1998-03-31 00:00:00
F10,385,5,1998-04-04 00:00:00
F10,1444,5,1998-04-13 00:00:00
F10,751,5,1998-04-08 00:00:00
F10,647,5,1998-03-31 00:00:00
F10,118,5,1998-04-03 00:00:00
F10,289,5,1998-04-02 00:00:00
F10,755,5,1998-04-21 00:00:00
F10,1627,5,1998-04-06 00:00:00
F10,954,5,1998-04-17 00:00:00
F10,1187,5,1998-03-27 00:00:00
F10,1330,5,1998-04-14 00:00:00
F10,1599,5,1998-03-29 00:00:00
F10,1199,5,1998-03-25 00:00:00
F10,138,5,1998-04-16 00:00:00
F10,1420,5,1998-04-13 00:00:00
F10,1334,5,1998-04-10 00:00:00
F10,30,5,1998-04-11 00:00:00
F10,494,5,1998-04-15 00:00:00
F10,1238,5,1998-04-08 00:00:00
F10,828,5,1998-03-30 00:00:00
F10,612,5,1998-04-21 00:00:00
F10,865,5,1998-04-21 00:00:00
F10,1539,5,1998-03-28 00:00:00
F10,957,5,1998-04-01 00:00:00
F10,901,5,1998-04-17 00:00:00
F10,94,5,1998-04-17 00:00:00
F10,1522,5,1998-03-28 00:00:00
F10,1488,5,1998-03-24 00:00:00
F10,1061,5,1998-04-08 00:00:00
F10,228,5,1998-04-03 00:00:00
F10,346,5,1998-04-12 00:00:00
F10,456,5,1998-04-15 00:00:00
F10,963,5,1998-03-30 00:00:00
F10,13,5,1998-03-31 00:00:00
F10,1214,5,1998-04-11 00:00:00
F10,1176,5,1998-04-02 00:00:00
F10,1267,5,1998-04-10 00:00:00
F10,175,5,1998-04-08 00:00:00
F10,629,5,1998-04-04 00:00:00
F10,1125,5,1998-03-28 00:00:00
F10,586,5,1998-04-13 00:00:00
F10,307,5,1998-03-26 00:00:00
F10,254,5,1998-04-11 00:00:00
F10,1448,5,1998-04-02 00:00:00
F10,911,5,1998-04-04 00:00:00
F10,85,5,1998-04-15 00:00:00
F10,315,5,1998-04-19 00:00:00
F10,999,5,1998-04-08 00:00:00
F11,1308,5,1998-04-02 00:00:00
F11,385,5,1998-04-19 00:00:00
F11,494,5,1998-04-21 00:00:00
F11,778,5,1998-04-01 00:00:00
F11,581,5,1998-03-24 00:00:00
F11,604,5,1998-04-18 00:00:00
F11,1516,5,1998-04-20 00:00:00
F11,1312,5,1998-03-30 00:00:00
F11,486,5,1998-04-14 00:00:00
F11,254,5,1998-03-31 00:00:00
F11,586,5,1998-04-18 00:00:00
F11,1549,5,1998-04-16 00:00:00
F11,1627,5,1998-04-11 00:00:00
F11,456,5,1998-04-09 00:00:00
F11,911,5,1998-04-06 00:00:00
F11,174,5,1998-03-28 00:00:00
F11,1524,5,1998-04-06 00:00:00
F11,751,5,1998-04-14 00:00:00
F11,1369,5,1998-03-31 00:00:00
F11,1444,5,1998-03-29 00:00:00
F11,1128,5,1998-04-02 00:00:00
F11,346,5,1998-03-27 00:00:00
F11,307,5,1998-04-03 00:00:00
F11,138,5,1998-04-07 00:00:00
F11,1238,5,1998-04-12 00:00:00
F11,562,5,1998-04-08 00:00:00
F11,303,5,1998-04-01 00:00:00
F11,30,5,1998-03-29 00:00:00
F11,200,5,1998-04-04 00:00:00
F11,1061,5,1998-04-16 00:00:00
F11,712,5,1998-04-03 00:00:00
F11,755,5,1998-04-07 00:00:00
F11,884,5,1998-04-11 00:00:00
F11,901,5,1998-04-14 00:00:00
F11,442,5,1998-04-18 00:00:00
F11,828,5,1998-04-09 00:00:00
F11,837,5,1998-04-15 00:00:00
F11,1037,5,1998-03-29 00:00:00
F11,1056,5,1998-04-10 00:00:00
F11,1599,5,1998-04-17 00:00:00
F11,1669,5,1998-04-12 00:00:00
F11,797,5,1998-04-06 00:00:00
F11,865,5,1998-04-18 00:00:00
F11,1199,5,1998-04-03 00:00:00
F11,1576,5,1998-04-06 00:00:00
F11,85,5,1998-04-17 00:00:00
F11,422,5,1998-04-20 00:00:00
F11,629,5,1998-04-16 00:00:00
F11,1131,5,1998-03-31 00:00:00
F11,603,5,1998-03-26 00:00:00
F11,1420,5,1998-03-31 00:00:00
F11,573,5,1998-03-31 00:00:00
F11,1187,5,1998-03-25 00:00:00
F11,957,5,1998-04-05 00:00:00
F11,175,5,1998-03-27 00:00:00
F11,647,5,1998-04-19 00:00:00
F11,999,5,1998-03-29 00:00:00
F11,1176,5,1998-03-27 00:00:00
F11,1125,5,1998-04-19 00:00:00
F11,954,5,1998-04-17 00:00:00
F11,315,5,1998-04-16 00:00:00
F11,1488,5,1998-04-19 00:00:00
F11,1096,5,1998-03-31 00:00:00
F11,1267,5,1998-03-27 00:00:00
F11,13,5,1998-03-24 00:00:00
F11,1658,5,1998-04-06 00:00:00
F11,960,5,1998-04-17 00:00:00
F11,1143,5,1998-04-09 00:00:00
F11,118,5,1998-03-27 00:00:00
F11,1334,5,1998-03-25 00:00:00
F11,289,5,1998-03-29 00:00:00
F11,373,5,1998-04-16 00:00:00
F11,963,5,1998-04-01 00:00:00
F11,94,5,1998-04-09 00:00:00
F11,1497,5,1998-04-04 00:00:00
F11,386,5,1998-04-07 00:00:00
F11,1522,5,1998-04-03 00:00:00
F11,1214,5,1998-04-03 00:00:00
F11,1448,5,1998-04-07 00:00:00
F11,1031,5,1998-04-05 00:00:00
F11,935,5,1998-03-27 00:00:00
F11,1330,5,1998-04-07 00:00:00
F11,612,5,1998-03-27 00:00:00
F11,204,5,1998-03-31 00:00:00
F11,228,5,1998-04-17 00:00:00
F11,1422,5,1998-03-30 00:00:00
F11,1539,5,1998-04-16 00:00:00
F11,567,5,1998-04-12 00:00:00
F11,1129,5,1998-04-09 00:00:00
F11,221,5,1998-04-01 00:00:00
F12,797,5,1998-04-09 00:00:00
F12,1334,5,1998-04-11 00:00:00
F12,1238,5,1998-04-04 00:00:00
F12,1312,5,1998-04-20 00:00:00
F12,755,5,1998-04-09 00:00:00
F12,307,5,1998-04-03 00:00:00
F12,712,5,1998-04-09 00:00:00
F12,174,5,1998-04-19 00:00:00
F12,1143,5,1998-04-02 00:00:00
F12,612,5,1998-04-03 00:00:00
F12,1037,5,1998-03-26 00:00:00
F12,254,5,1998-03-25 00:00:00
F12,1214,5,1998-03-31 00:00:00
F12,1539,5,1998-03-25 00:00:00
F12,1497,5,1998-03-31 00:00:00
F12,911,5,1998-04-06 00:00:00
F12,935,5,1998-04-12 00:00:00
F12,1369,5,1998-04-14 00:00:00
F12,200,5,1998-04-02 00:00:00
F12,1599,5,1998-04-21 00:00:00
F12,562,5,1998-03-29 00:00:00
F12,828,5,1998-03-28 00:00:00
F12,456,5,1998-04-02 00:00:00
F12,315,5,1998-04-04 00:00:00
F12,573,5,1998-04-04 00:00:00
F12,221,5,1998-04-19 00:00:00
F12,1658,5,1998-04-14 00:00:00
F12,954,5,1998-04-01 00:00:00
F12,303,5,1998-04-08 00:00:00
F12,85,5,1998-03-25 00:00:00
F12,1627,5,1998-03-25 00:00:00
F12,1448,5,1998-03-31 00:00:00
F12,647,5,1998-03-25 00:00:00
F12,386,5,1998-04-15 00:00:00
F12,118,5,1998-03-24 00:00:00
F12,1131,5,1998-04-02 00:00:00
F12,204,5,1998-04-11 00:00:00
F12,1308,5,1998-04-11 00:00:00
F12,1056,5,1998-04-03 00:00:00
F12,228,5,1998-04-01 00:00:00
F12,486,5,1998-03-25 00:00:00
F12,1199,5,1998-04-06 00:00:00
F12,865,5,1998-03-25 00:00:00
F12,604,5,1998-04-13 00:00:00
F12,963,5,1998-03-26 00:00:00
F12,1576,5,1998-03-25 00:00:00
F12,1422,5,1998-03-30 00:00:00
F12,884,5,1998-03-24 00:00:00
F12,1549,5,1998-04-08 00:00:00
F12,586,5,1998-04-19 00:00:00
F12,138,5,1998-04-19 00:00:00
F12,422,5,1998-04-10 00:00:00
F12,1125,5,1998-03-31 00:00:00
F12,1669,5,1998-04-02 00:00:00
F12,567,5,1998-04-14 00:00:00
F12,1176,5,1998-03-29 00:00:00
F12,1488,5,1998-04-15 00:00:00
F12,494,5,1998-04-10 00:00:00
F12,1129,5,1998-03-28 00:00:00
F12,1420,5,1998-03-29 00:00:00
F12,385,5,1998-04-14 00:00:00
F12,629,5,1998-04-18 00:00:00
F12,837,5,1998-04-19 00:00:00
F12,1061,5,1998-03-25 00:00:00
F12,1187,5,1998-04-12 00:00:00
F12,957,5,1998-04-10 00:00:00
F12,1524,5,1998-03-25 00:00:00
F12,373,5,1998-03-29 00:00:00
F12,1444,5,1998-04-13 00:00:00
F12,1330,5,1998-04-03 00:00:00
F12,1516,5,1998-04-13 00:00:00
F12,442,5,1998-04-21 00:00:00
F12,581,5,1998-03-25 00:00:00
F12,30,5,1998-04-18 00:00:00
F12,346,5,1998-04-10 00:00:00
F12,778,5,1998-04-03 00:00:00
F12,94,5,1998-03-29 00:00:00
F12,751,5,1998-04-02 00:00:00
F12,289,5,1998-04-06 00:00:00
F12,901,5,1998-04-06 00:00:00
F12,1096,5,1998-04-09 00:00:00
F12,1031,5,1998-03-27 00:00:00
F12,960,5,1998-04-18 00:00:00
F12,1522,5,1998-04-09 00:00:00
F12,1128,5,1998-03-27 00:00:00
F12,175,5,1998-03-29 00:00:00
F12,13,5,1998-04-10 00:00:00
F12,603,5,1998-04-01 00:00:00
F12,999,5,1998-03-25 00:00:00
F12,1267,5,1998-04-11 00:00:00
F13,797,5,1998-04-02 00:00:00
F13,963,5,1998-03-27 00:00:00
F13,1576,5,1998-03-25 00:00:00
F13,30,5,1998-03-29 00:00:00
F13,884,5,1998-04-15 00:00:00
F13,1444,5,1998-03-25 00:00:00
F13,386,5,1998-04-10 00:00:00
F13,94,5,1998-04-10 00:00:00
F13,567,5,1998-04-17 00:00:00
F13,303,5,1998-04-04 00:00:00
F13,1176,5,1998-04-13 00:00:00
F13,1448,5,1998-03-28 00:00:00
F13,1096,5,1998-04-05 00:00:00
F13,1488,5,1998-04-08 00:00:00
F13,751,5,1998-04-20 00:00:00
F13,1524,5,1998-03-28 00:00:00
F13,228,5,1998-04-10 00:00:00
F13,1187,5,1998-04-07 00:00:00
F13,755,5,1998-04-07 00:00:00
F13,612,5,1998-04-14 00:00:00
F13,1214,5,1998-04-16 00:00:00
F13,289,5,1998-04-01 00:00:00
F13,254,5,1998-04-21 00:00:00
F13,1129,5,1998-04-08 00:00:00
F13,1238,5,1998-04-03 00:00:00
F13,1334,5,1998-03-26 00:00:00
F13,837,5,1998-04-18 00:00:00
F13,1143,5,1998-04-17 00:00:00
F13,118,5,1998-04-10 00:00:00
F13,85,5,1998-04-18 00:00:00
F13,175,5,1998-04-10 00:00:00
F13,1330,5,1998-03-29 00:00:00
F13,1056,5,1998-04-12 00:00:00
F13,1549,5,1998-04-03 00:00:00
F13,581,5,1998-04-12 00:00:00
F13,346,5,1998-04-18 00:00:00
F13,960,5,1998-04-13 00:00:00
F13,1669,5,1998-03-27 00:00:00
F13,828,5,1998-04-05 00:00:00
F13,486,5,1998-03-31 00:00:00
F13,1516,5,1998-03-27 00:00:00
F13,494,5,1998-03-24 00:00:00
F13,1037,5,1998-04-08 00:00:00
F13,1312,5,1998-03-30 00:00:00
F13,456,5,1998-04-04 00:00:00
F13,1128,5,1998-03-25 00:00:00
F13,629,5,1998-03-30 00:00:00
F13,865,5,1998-04-02 00:00:00
F13,1061,5,1998-04-06 00:00:00
F13,586,5,1998-04-08 00:00:00
F13,1599,5,1998-04-05 00:00:00
F13,1422,5,1998-04-04 00:00:00
F13,307,5,1998-04-15 00:00:00
F13,1308,5,1998-04-21 00:00:00
F13,778,5,1998-04-08 00:00:00
F13,200,5,1998-04-15 00:00:00
F13,373,5,1998-03-24 00:00:00
F13,1031,5,1998-04-02 00:00:00
F13,385,5,1998-03-30 00:00:00
F13,1539,5,1998-04-10 00:00:00
F13,1497,5,1998-03-26 00:00:00
F13,1627,5,1998-04-13 00:00:00
F13,204,5,1998-03-26 00:00:00
F13,138,5,1998-04-02 00:00:00
F13,957,5,1998-04-01 00:00:00
F13,604,5,1998-03-31 00:00:00
F13,911,5,1998-04-13 00:00:00
F13,1131,5,1998-03-24 00:00:00
F13,315,5,1998-04-01 00:00:00
F13,603,5,1998-04-14 00:00:00
F13,573,5,1998-04-15 00:00:00
F13,1522,5,1998-04-07 00:00:00
F13,1125,5,1998-04-09 00:00:00
F13,174,5,1998-04-13 00:00:00
F13,1369,5,1998-03-31 00:00:00
F13,1267,5,1998-04-18 00:00:00
F13,712,5,1998-04-10 00:00:00
F13,13,5,1998-03-29 00:00:00
F13,1420,5,1998-04-10 00:00:00
F13,442,5,1998-04-19 00:00:00
F13,954,5,1998-04-05 00:00:00
F13,1199,5,1998-04-05 00:00:00
F13,1658,5,1998-04-14 00:00:00
F13,901,5,1998-04-14 00:00:00
F13,221,5,1998-04-09 00:00:00
F13,935,5,1998-03-25 00:00:00
F13,647,5,1998-04-11 00:00:00
F13,422,5,1998-04-15 00:00:00
F13,999,5,1998-04-08 00:00:00
F13,562,5,1998-04-10 00:00:00
F14,1131,5,1998-03-30 00:00:00
F14,486,5,1998-04-14 00:00:00
F14,1549,5,1998-03-25 00:00:00
F14,1488,5,1998-04-11 00:00:00
F14,1267,5,1998-04-15 00:00:00
F14,307,5,1998-03-25 00:00:00
F14,1669,5,1998-04-16 00:00:00
F14,1308,5,1998-04-15 00:00:00
F14,30,5,1998-04-09 00:00:00
F14,386,5,1998-04-11 00:00:00
F14,1061,5,1998-04-05 00:00:00
F14,999,5,1998-04-08 00:00:00
F14,228,5,1998-04-19 00:00:00
F14,1448,5,1998-03-30 00:00:00
F14,901,5,1998-04-02 00:00:00
F14,1334,5,1998-04-12 00:00:00
F14,1576,5,1998-04-05 00:00:00
F14,1522,5,1998-04-07 00:00:00
F14,837,5,1998-04-17 00:00:00
F14,373,5,1998-04-19 00:00:00
F14,1627,5,1998-03-28 00:00:00
F14,1599,5,1998-04-21 00:00:00
F14,1238,5,1998-03-24 00:00:00
F14,1129,5,1998-04-18 00:00:00
F14,1330,5,1998-04-03 00:00:00
F14,289,5,1998-03-26 00:00:00
F14,315,5,1998-04-17 00:00:00
F14,865,5,1998-04-04 00:00:00
F14,751,5,1998-04-15 00:00:00
F14,1539,5,1998-04-08 00:00:00
F14,1312,5,1998-04-04 00:00:00
F14,755,5,1998-04-11 00:00:00
F14,957,5,1998-04-02 00:00:00
F14,1420,5,1998-04-16 00:00:00
F14,797,5,1998-04-18 00:00:00
F14,303,5,1998-03-26 00:00:00
F14,562,5,1998-04-18 00:00:00
F14,963,5,1998-04-06 00:00:00
F14,200,5,1998-03-24 00:00:00
F14,1056,5,1998-04-13 00:00:00
F14,204,5,1998-04-12 00:00:00
F14,422,5,1998-03-28 00:00:00
F14,442,5,1998-04-06 00:00:00
F14,94,5,1998-04-07 00:00:00
F14,884,5,1998-04-15 00:00:00
F14,612,5,1998-04-18 00:00:00
F14,1143,5,1998-04-17 00:00:00
F14,567,5,1998-04-11 00:00:00
F14,629,5,1998-04-06 00:00:00
F14,494,5,1998-04-11 00:00:00
F14,1497,5,1998-03-31 00:00:00
F14,712,5,1998-04-18 00:00:00
F14,1037,5,1998-03-28 00:00:00
F14,778,5,1998-04-17 00:00:00
F14,911,5,1998-04-01 00:00:00
F14,647,5,1998-03-24 00:00:00
F14,175,5,1998-04-20 00:00:00
F14,1369,5,1998-04-20 00:00:00
F14,1187,5,1998-03-27 00:00:00
F14,1214,5,1998-04-20 00:00:00
F14,1516,5,1998-04-01 00:00:00
F14,1444,5,1998-04-08 00:00:00
F14,935,5,1998-04-17 00:00:00
F14,604,5,1998-04-12 00:00:00
F14,586,5,1998-04-10 00:00:00
F14,1524,5,1998-03-30 00:00:00
F14,1096,5,1998-04-07 00:00:00
F14,13,5,1998-04-16 00:00:00
F14,573,5,1998-04-07 00:00:00
F14,954,5,1998-04-14 00:00:00
F14,1658,5,1998-03-26 00:00:00
F14,118,5,1998-04-15 00:00:00
F14,603,5,1998-03-29 00:00:00
F14,1125,5,1998-04-21 00:00:00
F14,960,5,1998-04-05 00:00:00
F14,1128,5,1998-04-20 00:00:00
F14,1422,5,1998-03-28 00:00:00
F14,346,5,1998-03-27 00:00:00
F14,85,5,1998-04-09 00:00:00
F14,1199,5,1998-03-31 00:00:00
F14,581,5,1998-03-26 00:00:00
F14,254,5,1998-04-10 00:00:00
F14,456,5,1998-04-12 00:00:00
F14,138,5,1998-04-08 00:00:00
F14,828,5,1998-04-10 00:00:00
F14,1031,5,1998-04-10 00:00:00
F14,1176,5,1998-03-29 00:00:00
F14,221,5,1998-04-10 00:00:00
F14,385,5,1998-04-13 00:00:00
F14,174,5,1998-03-24 00:00:00
F15,1125,5,1998-03-25 00:00:00
F15,373,5,1998-03-29 00:00:00
F15,1129,5,1998-04-06 00:00:00
F15,385,5,1998-03-28 00:00:00
F15,221,5,1998-04-15 00:00:00
F15,486,5,1998-04-07 00:00:00
F15,647,5,1998-03-29 00:00:00
F15,1522,5,1998-04-01 00:00:00
F15,751,5,1998-04-17 00:00:00
F15,422,5,1998-04-09 00:00:00
F15,1488,5,1998-03-31 00:00:00
F15,954,5,1998-04-18 00:00:00
F15,957,5,1998-03-30 00:00:00
F15,1128,5,1998-04-16 00:00:00
F15,346,5,1998-04-08 00:00:00
F15,1199,5,1998-04-03 00:00:00
F15,884,5,1998-04-04 00:00:00
F15,935,5,1998-03-29 00:00:00
F15,174,5,1998-04-02 00:00:00
F15,315,5,1998-04-21 00:00:00
F15,1576,5,1998-03-28 00:00:00
F15,1131,5,1998-03-25 00:00:00
F15,712,5,1998-04-12 00:00:00
F15,1369,5,1998-03-25 00:00:00
F15,200,5,1998-03-29 00:00:00
F15,1658,5,1998-04-15 00:00:00
F15,1627,5,1998-04-06 00:00:00
F15,1037,5,1998-04-13 00:00:00
F15,175,5,1998-04-14 00:00:00
F15,1056,5,1998-04-17 00:00:00
F15,303,5,1998-04-17 00:00:00
F15,865,5,1998-03-26 00:00:00
F15,603,5,1998-04-13 00:00:00
F15,307,5,1998-04-11 00:00:00
F15,1420,5,1998-03-28 00:00:00
F15,138,5,1998-04-02 00:00:00
F15,204,5,1998-04-19 00:00:00
F15,1061,5,1998-04-14 00:00:00
F15,1187,5,1998-04-10 00:00:00
F15,30,5,1998-04-20 00:00:00
F15,1176,5,1998-03-30 00:00:00
F15,94,5,1998-04-10 00:00:00
F15,586,5,1998-04-11 00:00:00
F15,999,5,1998-04-14 00:00:00
F15,1539,5,1998-03-29 00:00:00
F15,386,5,1998-04-12 00:00:00
F15,1549,5,1998-04-16 00:00:00
F15,1444,5,1998-03-28 00:00:00
F15,1669,5,1998-03-28 00:00:00
F15,1238,5,1998-03-29 00:00:00
F15,755,5,1998-03-26 00:00:00
F15,85,5,1998-03-28 00:00:00
F15,1524,5,1998-04-14 00:00:00
F15,1516,5,1998-04-09 00:00:00
F15,1422,5,1998-04-11 00:00:00
F15,1497,5,1998-03-29 00:00:00
F15,456,5,1998-04-04 00:00:00
F15,963,5,1998-04-11 00:00:00
F15,1312,5,1998-04-05 00:00:00
F15,1308,5,1998-04-10 00:00:00
F15,629,5,1998-04-20 00:00:00
F15,581,5,1998-04-11 00:00:00
F15,960,5,1998-04-02 00:00:00
F15,254,5,1998-04-20 00:00:00
F15,13,5,1998-04-19 00:00:00
F15,1448,5,1998-04-02 00:00:00
F15,228,5,1998-04-06 00:00:00
F15,1031,5,1998-04-15 00:00:00
F15,604,5,1998-04-01 00:00:00
F15,494,5,1998-03-29 00:00:00
F15,562,5,1998-04-09 00:00:00
F15,1599,5,1998-04-20 00:00:00
F15,837,5,1998-04-21 00:00:00
F15,1267,5,1998-03-24 00:00:00
F15,1214,5,1998-04-10 00:00:00
F15,1334,5,1998-03-28 00:00:00
F15,567,5,1998-04-03 00:00:00
F15,118,5,1998-04-20 00:00:00
F15,1143,5,1998-04-04 00:00:00
F15,612,5,1998-04-08 00:00:00
F15,442,5,1998-04-05 00:00:00
F15,911,5,1998-04-11 00:00:00
F15,573,5,1998-03-27 00:00:00
F15,797,5,1998-03-31 00:00:00
F15,901,5,1998-03-24 00:00:00
F15,828,5,1998-03-29 00:00:00
F15,778,5,1998-04-08 00:00:00
F15,1096,5,1998-04-13 00:00:00
F15,289,5,1998-03-24 00:00:00
F15,1330,5,1998-04-02 00:00:00
F16,604,5,1998-04-20 00:00:00
F16,581,5,1998-04-21 00:00:00
F16,221,5,1998-03-28 00:00:00
F16,1488,5,1998-03-25 00:00:00
F16,960,5,1998-03-24 00:00:00
F16,1448,5,1998-04-13 00:00:00
F16,755,5,1998-03-30 00:00:00
F16,647,5,1998-04-12 00:00:00
F16,118,5,1998-03-27 00:00:00
F16,1420,5,1998-04-17 00:00:00
F16,562,5,1998-04-12 00:00:00
F16,1516,5,1998-04-09 00:00:00
F16,200,5,1998-04-15 00:00:00
F16,303,5,1998-04-07 00:00:00
F16,486,5,1998-04-03 00:00:00
F16,1061,5,1998-04-17 00:00:00
F16,1524,5,1998-04-09 00:00:00
F16,1056,5,1998-04-07 00:00:00
F16,963,5,1998-04-04 00:00:00
F16,1199,5,1998-04-05 00:00:00
F16,837,5,1998-03-24 00:00:00
F16,884,5,1998-03-29 00:00:00
F16,1125,5,1998-03-30 00:00:00
F16,1187,5,1998-04-15 00:00:00
F16,228,5,1998-04-11 00:00:00
F16,1096,5,1998-04-15 00:00:00
F16,778,5,1998-03-29 00:00:00
F16,901,5,1998-03-31 00:00:00
F16,13,5,1998-04-09 00:00:00
F16,1576,5,1998-03-26 00:00:00
F16,797,5,1998-04-10 00:00:00
F16,1176,5,1998-03-30 00:00:00
F16,1334,5,1998-03-30 00:00:00
F16,289,5,1998-04-04 00:00:00
F16,307,5,1998-04-14 00:00:00
F16,957,5,1998-04-15 00:00:00
F16,85,5,1998-04-16 00:00:00
F16,567,5,1998-04-01 00:00:00
F16,1522,5,1998-04-13 00:00:00
F16,865,5,1998-04-19 00:00:00
F16,1037,5,1998-03-24 00:00:00
F16,422,5,1998-04-09 00:00:00
F16,1539,5,1998-03-29 00:00:00
F16,442,5,1998-04-11 00:00:00
F16,573,5,1998-04-19 00:00:00
F16,254,5,1998-04-09 00:00:00
F16,586,5,1998-03-29 00:00:00
F16,94,5,1998-04-02 00:00:00
F16,954,5,1998-04-17 00:00:00
F16,456,5,1998-04-17 00:00:00
F16,603,5,1998-04-04 00:00:00
F16,751,5,1998-04-20 00:00:00
F16,175,5,1998-04-12 00:00:00
F16,1238,5,1998-04-19 00:00:00
F16,1308,5,1998-03-30 00:00:00
F16,1549,5,1998-04-04 00:00:00
F16,629,5,1998-04-20 00:00:00
F16,1444,5,1998-04-06 00:00:00
F16,712,5,1998-04-11 00:00:00
F16,1627,5,1998-04-17 00:00:00
F16,373,5,1998-03-31 00:00:00
F16,138,5,1998-04-16 00:00:00
F16,204,5,1998-04-07 00:00:00
F16,1214,5,1998-04-20 00:00:00
F16,174,5,1998-04-07 00:00:00
F16,30,5,1998-04-19 00:00:00
F16,386,5,1998-03-27 00:00:00
F16,1330,5,1998-04-18 00:00:00
F16,935,5,1998-04-17 00:00:00
F16,1131,5,1998-04-18 00:00:00
F16,828,5,1998-04-16 00:00:00
F16,1031,5,1998-04-05 00:00:00
F16,1658,5,1998-04-02 00:00:00
F16,1669,5,1998-04-13 00:00:00
F16,1312,5,1998-04-02 00:00:00
F16,612,5,1998-03-30 00:00:00
F16,494,5,1998-03-24 00:00:00
F16,1129,5,1998-04-02 00:00:00
F16,1599,5,1998-04-21 00:00:00
F16,999,5,1998-04-19 00:00:00
F16,315,5,1998-03-26 00:00:00
F16,1128,5,1998-04-10 00:00:00
F16,1422,5,1998-04-17 00:00:00
F16,1369,5,1998-04-03 00:00:00
F16,911,5,1998-04-20 00:00:00
F16,346,5,1998-04-10 00:00:00
F16,385,5,1998-04-15 00:00:00
F16,1497,5,1998-04-09 00:00:00
F16,1267,5,1998-04-04 00:00:00
F16,1143,5,1998-03-28 00:00:00
F17,138,5,1998-04-17 00:00:00
F17,837,5,1998-04-01 00:00:00
F17,1599,5,1998-03-31 00:00:00
F17,1658,5,1998-04-20 00:00:00
F17,30,5,1998-04-08 00:00:00
F17,1056,5,1998-04-02 00:00:00
F17,778,5,1998-04-08 00:00:00
F17,456,5,1998-03-31 00:00:00
F17,1539,5,1998-04-18 00:00:00
F17,346,5,1998-04-14 00:00:00
F17,604,5,1998-04-02 00:00:00
F17,1524,5,1998-03-26 00:00:00
F17,751,5,1998-03-24 00:00:00
F17,1330,5,1998-04-11 00:00:00
F17,1420,5,1998-04-17 00:00:00
F17,1096,5,1998-03-31 00:00:00
F17,1576,5,1998-04-16 00:00:00
F17,221,5,1998-04-04 00:00:00
F17,1125,5,1998-03-28 00:00:00
F17,13,5,1998-04-04 00:00:00
F17,1488,5,1998-03-26 00:00:00
F17,960,5,1998-04-08 00:00:00
F17,289,5,1998-04-06 00:00:00
F17,603,5,1998-04-17 00:00:00
F17,957,5,1998-03-27 00:00:00
F17,1549,5,1998-03-30 00:00:00
F17,254,5,1998-04-13 00:00:00
F17,175,5,1998-03-31 00:00:00
F17,200,5,1998-04-01 00:00:00
F17,1669,5,1998-04-13 00:00:00
F17,85,5,1998-03-27 00:00:00
F17,954,5,1998-03-27 00:00:00
F17,1128,5,1998-03-26 00:00:00
F17,1369,5,1998-04-04 00:00:00
F17,1176,5,1998-04-11 00:00:00
F17,1037,5,1998-04-20 00:00:00
F17,1312,5,1998-04-21 00:00:00
F17,118,5,1998-03-30 00:00:00
F17,999,5,1998-04-11 00:00:00
F17,629,5,1998-03-28 00:00:00
F17,486,5,1998-04-15 00:00:00
F17,1238,5,1998-03-26 00:00:00
F17,1061,5,1998-04-10 00:00:00
F17,1627,5,1998-03-26 00:00:00
F17,228,5,1998-04-14 00:00:00
F17,712,5,1998-03-31 00:00:00
F17,1308,5,1998-04-14 00:00:00
F17,865,5,1998-04-20 00:00:00
F17,1422,5,1998-03-27 00:00:00
F17,494,5,1998-04-13 00:00:00
F17,1334,5,1998-04-13 00:00:00
F17,1267,5,1998-04-04 00:00:00
F17,1129,5,1998-03-27 00:00:00
F17,884,5,1998-04-13 00:00:00
F17,385,5,1998-03-26 00:00:00
F17,442,5,1998-04-05 00:00:00
F17,1199,5,1998-04-11 00:00:00
F17,94,5,1998-04-03 00:00:00
F17,797,5,1998-04-03 00:00:00
F17,1214,5,1998-04-15 00:00:00
F17,422,5,1998-04-07 00:00:00
F17,901,5,1998-04-08 00:00:00
F17,1143,5,1998-04-09 00:00:00
F17,581,5,1998-04-11 00:00:00
F17,1131,5,1998-04-05 00:00:00
F17,1444,5,1998-03-31 00:00:00
F17,315,5,1998-04-07 00:00:00
F17,1031,5,1998-04-20 00:00:00
F17,1497,5,1998-04-21 00:00:00
F17,174,5,1998-04-11 00:00:00
F17,1448,5,1998-04-13 00:00:00
F17,612,5,1998-04-20 00:00:00
F17,828,5,1998-03-30 00:00:00
F17,1187,5,1998-04-09 00:00:00
F17,647,5,1998-03-28 00:00:00
F17,567,5,1998-03-25 00:00:00
F17,935,5,1998-03-31 00:00:00
F17,204,5,1998-04-19 00:00:00
F17,963,5,1998-04-19 00:00:00
F17,586,5,1998-04-12 00:00:00
F17,911,5,1998-04-15 00:00:00
F17,303,5,1998-04-21 00:00:00
F17,1522,5,1998-03-27 00:00:00
F17,755,5,1998-03-30 00:00:00
F17,1516,5,1998-03-29 00:00:00
F17,573,5,1998-04-09 00:00:00
F17,307,5,1998-03-30 00:00:00
F17,373,5,1998-04-10 00:00:00
F17,386,5,1998-04-02 00:00:00
F17,562,5,1998-04-06 00:00:00
F18,1627,5,1998-04-11 00:00:00
F18,911,5,1998-03-28 00:00:00
F18,13,5,1998-04-03 00:00:00
F18,1488,5,1998-04-21 00:00:00
F18,573,5,1998-03-24 00:00:00
F18,422,5,1998-04-16 00:00:00
F18,1334,5,1998-04-17 00:00:00
F18,1444,5,1998-04-01 00:00:00
F18,1420,5,1998-04-12 00:00:00
F18,1448,5,1998-04-20 00:00:00
F18,629,5,1998-04-11 00:00:00
F18,751,5,1998-04-03 00:00:00
F18,175,5,1998-03-28 00:00:00
F18,604,5,1998-04-02 00:00:00
F18,581,5,1998-03-31 00:00:00
F18,562,5,1998-04-19 00:00:00
F18,1129,5,1998-04-19 00:00:00
F18,315,5,1998-04-09 00:00:00
F18,1369,5,1998-03-24 00:00:00
F18,94,5,1998-03-26 00:00:00
F18,797,5,1998-04-07 00:00:00
F18,204,5,1998-04-12 00:00:00
F18,935,5,1998-03-28 00:00:00
F18,755,5,1998-04-21 00:00:00
F18,386,5,1998-04-05 00:00:00
F18,1199,5,1998-03-31 00:00:00
F18,221,5,1998-04-07 00:00:00
F18,138,5,1998-04-11 00:00:00
F18,1176,5,1998-04-03 00:00:00
F18,1187,5,1998-03-26 00:00:00
F18,778,5,1998-04-19 00:00:00
F18,1143,5,1998-04-15 00:00:00
F18,1061,5,1998-04-13 00:00:00
F18,1037,5,1998-04-01 00:00:00
F18,828,5,1998-04-10 00:00:00
F18,1308,5,1998-04-11 00:00:00
F18,1312,5,1998-04-08 00:00:00
F18,1516,5,1998-04-11 00:00:00
F18,999,5,1998-04-07 00:00:00
F18,954,5,1998-04-14 00:00:00
F18,1497,5,1998-04-10 00:00:00
F18,30,5,1998-04-19 00:00:00
F18,647,5,1998-04-10 00:00:00
F18,307,5,1998-04-03 00:00:00
F18,1422,5,1998-04-08 00:00:00
F18,1056,5,1998-03-27 00:00:00
F18,254,5,1998-04-04 00:00:00
F18,712,5,1998-04-11 00:00:00
F18,200,5,1998-04-13 00:00:00
F18,1031,5,1998-04-16 00:00:00
F18,586,5,1998-03-24 00:00:00
F18,1576,5,1998-04-12 00:00:00
F18,901,5,1998-04-10 00:00:00
F18,1238,5,1998-04-15 00:00:00
F18,960,5,1998-04-06 00:00:00
F18,612,5,1998-04-15 00:00:00
F18,118,5,1998-04-11 00:00:00
F18,385,5,1998-04-09 00:00:00
F18,373,5,1998-03-27 00:00:00
F18,494,5,1998-04-12 00:00:00
F18,346,5,1998-03-25 00:00:00
F18,1524,5,1998-04-11 00:00:00
F18,865,5,1998-04-17 00:00:00
F18,1522,5,1998-03-29 00:00:00
F18,1330,5,1998-04-04 00:00:00
F18,228,5,1998-04-08 00:00:00
F18,442,5,1998-04-17 00:00:00
F18,957,5,1998-04-16 00:00:00
F18,1658,5,1998-04-13 00:00:00
F18,1599,5,1998-04-14 00:00:00
F18,1539,5,1998-04-19 00:00:00
F18,303,5,1998-04-03 00:00:00
F18,963,5,1998-04-04 00:00:00
F18,1096,5,1998-04-04 00:00:00
F18,567,5,1998-03-28 00:00:00
F18,603,5,1998-04-08 00:00:00
F18,1549,5,1998-04-06 00:00:00
F18,486,5,1998-03-24 00:00:00
F18,1669,5,1998-03-28 00:00:00
F18,1125,5,1998-04-04 00:00:00
F18,456,5,1998-04-15 00:00:00
F18,1131,5,1998-04-02 00:00:00
F18,837,5,1998-04-17 00:00:00
F18,289,5,1998-04-18 00:00:00
F18,1128,5,1998-03-29 00:00:00
F18,174,5,1998-04-19 00:00:00
F18,884,5,1998-03-26 00:00:00
F18,85,5,1998-04-15 00:00:00
F18,1267,5,1998-03-26 00:00:00
F18,1214,5,1998-03-27 00:00:00
F19,303,5,1998-03-24 00:00:00
F19,573,5,1998-03-28 00:00:00
F19,1238,5,1998-04-05 00:00:00
F19,13,5,1998-04-12 00:00:00
F19,884,5,1998-04-07 00:00:00
F19,138,5,1998-03-27 00:00:00
F19,1497,5,1998-03-29 00:00:00
F19,629,5,1998-04-01 00:00:00
F19,175,5,1998-04-11 00:00:00
F19,911,5,1998-03-30 00:00:00
F19,1131,5,1998-03-27 00:00:00
F19,422,5,1998-04-15 00:00:00
F19,1627,5,1998-04-05 00:00:00
F19,963,5,1998-04-13 00:00:00
F19,1444,5,1998-04-18 00:00:00
F19,1599,5,1998-04-16 00:00:00
F19,1061,5,1998-04-02 00:00:00
F19,1539,5,1998-04-01 00:00:00
F19,1522,5,1998-04-14 00:00:00
F19,935,5,1998-04-20 00:00:00
F19,712,5,1998-03-31 00:00:00
F19,1549,5,1998-03-31 00:00:00
F19,1143,5,1998-04-16 00:00:00
F19,1267,5,1998-04-06 00:00:00
F19,1334,5,1998-04-02 00:00:00
F19,221,5,1998-03-27 00:00:00
F19,1308,5,1998-04-04 00:00:00
F19,1037,5,1998-04-15 00:00:00
F19,118,5,1998-04-15 00:00:00
F19,1330,5,1998-03-25 00:00:00
F19,174,5,1998-04-16 00:00:00
F19,1422,5,1998-03-27 00:00:00
F19,1516,5,1998-04-11 00:00:00
F19,204,5,1998-04-11 00:00:00
F19,1031,5,1998-04-03 00:00:00
F19,346,5,1998-04-06 00:00:00
F19,307,5,1998-04-19 00:00:00
F19,289,5,1998-04-05 00:00:00
F19,228,5,1998-04-08 00:00:00
F19,386,5,1998-04-14 00:00:00
F19,751,5,1998-03-27 00:00:00
F19,1488,5,1998-03-28 00:00:00
F19,647,5,1998-04-18 00:00:00
F19,960,5,1998-03-29 00:00:00
F19,1576,5,1998-03-27 00:00:00
F19,1176,5,1998-04-18 00:00:00
F19,456,5,1998-04-16 00:00:00
F19,567,5,1998-04-05 00:00:00
F19,612,5,1998-03-31 00:00:00
F19,1214,5,1998-04-02 00:00:00
F19,828,5,1998-03-25 00:00:00
F19,1669,5,1998-03-27 00:00:00
F19,604,5,1998-04-06 00:00:00
F19,901,5,1998-04-02 00:00:00
F19,94,5,1998-04-12 00:00:00
F19,315,5,1998-03-25 00:00:00
F19,30,5,1998-04-18 00:00:00
F19,85,5,1998-04-18 00:00:00
F19,373,5,1998-03-24 00:00:00
F19,254,5,1998-04-21 00:00:00
F19,562,5,1998-04-09 00:00:00
F19,1420,5,1998-04-20 00:00:00
F19,1448,5,1998-04-12 00:00:00
F19,1658,5,1998-04-09 00:00:00
F19,1312,5,1998-04-14 00:00:00
F19,957,5,1998-04-04 00:00:00
F19,1096,5,1998-03-31 00:00:00
F19,200,5,1998-04-07 00:00:00
F19,1128,5,1998-03-30 00:00:00
F19,999,5,1998-04-13 00:00:00
F19,1056,5,1998-03-24 00:00:00
F19,581,5,1998-04-10 00:00:00
F19,586,5,1998-03-24 00:00:00
F19,865,5,1998-04-07 00:00:00
F19,494,5,1998-03-26 00:00:00
F19,755,5,1998-04-17 00:00:00
F19,442,5,1998-04-19 00:00:00
F19,954,5,1998-03-27 00:00:00
F19,1199,5,1998-03-25 00:00:00
F19,1524,5,1998-04-07 00:00:00
F19,1369,5,1998-04-01 00:00:00
F19,486,5,1998-04-06 00:00:00
F19,603,5,1998-03-29 00:00:00
F19,837,5,1998-04-01 00:00:00
F19,778,5,1998-03-26 00:00:00
F19,385,5,1998-04-08 00:00:00
F19,1125,5,1998-03-28 00:00:00
F19,1129,5,1998-03-29 00:00:00
F19,797,5,1998-04-14 00:00:00
F19,1187,5,1998-03-25 00:00:00
F20,85,5,1998-03-24 00:00:00
F20,1176,5,1998-04-09 00:00:00
F20,1497,5,1998-04-09 00:00:00
F20,174,5,1998-04-15 00:00:00
F20,1214,5,1998-04-16 00:00:00
F20,346,5,1998-04-16 00:00:00
F20,1125,5,1998-04-10 00:00:00
F20,603,5,1998-04-04 00:00:00
F20,94,5,1998-04-15 00:00:00
F20,386,5,1998-04-13 00:00:00
F20,1420,5,1998-04-18 00:00:00
F20,1334,5,1998-04-10 00:00:00
F20,373,5,1998-04-11 00:00:00
F20,954,5,1998-04-09 00:00:00
F20,1238,5,1998-04-10 00:00:00
F20,828,5,1998-04-13 00:00:00
F20,1330,5,1998-03-29 00:00:00
F20,963,5,1998-04-19 00:00:00
F20,1448,5,1998-04-21 00:00:00
F20,221,5,1998-04-03 00:00:00
F20,1488,5,1998-04-17 00:00:00
F20,1143,5,1998-04-17 00:00:00
F20,586,5,1998-03-29 00:00:00
F20,1131,5,1998-04-18 00:00:00
F20,1369,5,1998-04-02 00:00:00
F20,884,5,1998-03-24 00:00:00
F20,254,5,1998-03-25 00:00:00
F20,30,5,1998-03-24 00:00:00
F20,1549,5,1998-04-20 00:00:00
F20,289,5,1998-04-08 00:00:00
F20,629,5,1998-04-11 00:00:00
F20,1669,5,1998-04-16 00:00:00
F20,612,5,1998-03-27 00:00:00
F20,581,5,1998-04-03 00:00:00
F20,385,5,1998-04-19 00:00:00
F20,1096,5,1998-04-09 00:00:00
F20,960,5,1998-04-12 00:00:00
F20,204,5,1998-03-27 00:00:00
F20,647,5,1998-04-14 00:00:00
F20,957,5,1998-04-01 00:00:00
F20,712,5,1998-04-10 00:00:00
F20,1576,5,1998-04-19 00:00:00
F20,228,5,1998-03-26 00:00:00
F20,1524,5,1998-04-19 00:00:00
F20,797,5,1998-04-02 00:00:00
F20,138,5,1998-04-20 00:00:00
F20,303,5,1998-04-09 00:00:00
F20,837,5,1998-04-17 00:00:00
F20,567,5,1998-03-27 00:00:00
F20,13,5,1998-03-25 00:00:00
F20,604,5,1998-04-10 00:00:00
F20,1516,5,1998-03-31 00:00:00
F20,456,5,1998-04-07 00:00:00
F20,1061,5,1998-04-07 00:00:00
F20,751,5,1998-03-25 00:00:00
F20,1444,5,1998-04-21 00:00:00
F20,1522,5,1998-03-30 00:00:00
F20,1658,5,1998-04-02 00:00:00
F20,486,5,1998-03-27 00:00:00
F20,494,5,1998-04-11 00:00:00
F20,200,5,1998-04-03 00:00:00
F20,315,5,1998-04-13 00:00:00
F20,422,5,1998-04-16 00:00:00
F20,1129,5,1998-04-20 00:00:00
F20,901,5,1998-04-06 00:00:00
F20,307,5,1998-04-19 00:00:00
F20,911,5,1998-04-02 00:00:00
F20,1267,5,1998-04-08 00:00:00
F20,442,5,1998-04-05 00:00:00
F20,562,5,1998-03-27 00:00:00
F20,935,5,1998-04-02 00:00:00
F20,1627,5,1998-04-03 00:00:00
F20,118,5,1998-04-04 00:00:00
F20,1187,5,1998-03-27 00:00:00
F20,1312,5,1998-04-04 00:00:00
F20,755,5,1998-04-01 00:00:00
F20,573,5,1998-03-29 00:00:00
F20,778,5,1998-03-28 00:00:00
F20,865,5,1998-04-21 00:00:00
F20,1422,5,1998-03-28 00:00:00
F20,1539,5,1998-04-04 00:00:00
F20,1128,5,1998-04-12 00:00:00
F20,999,5,1998-04-08 00:00:00
F20,1199,5,1998-03-25 00:00:00
F20,1056,5,1998-04-13 00:00:00
F20,1037,5,1998-04-11 00:00:00
F20,175,5,1998-04-21 00:00:00
F20,1031,5,1998-04-20 00:00:00
F20,1308,5,1998-03-26 00:00:00
F20,1599,5,1998-03-31 00:00:00
F21,1031,5,1998-04-12 00:00:00
F21,957,5,1998-04-04 00:00:00
F21,138,5,1998-04-21 00:00:00
F21,85,5,1998-04-05 00:00:00
F21,174,5,1998-03-24 00:00:00
F21,865,5,1998-04-16 00:00:00
F21,963,5,1998-04-15 00:00:00
F21,1539,5,1998-04-16 00:00:00
F21,581,5,1998-04-19 00:00:00
F21,573,5,1998-04-09 00:00:00
F21,828,5,1998-04-16 00:00:00
F21,442,5,1998-04-01 00:00:00
F21,228,5,1998-04-06 00:00:00
F21,94,5,1998-04-07 00:00:00
F21,1096,5,1998-04-21 00:00:00
F21,1522,5,1998-04-21 00:00:00
F21,221,5,1998-04-01 00:00:00
F21,1576,5,1998-04-03 00:00:00
F21,1056,5,1998-03-30 00:00:00
F21,1658,5,1998-03-31 00:00:00
F21,118,5,1998-04-12 00:00:00
F21,1128,5,1998-04-04 00:00:00
F21,200,5,1998-04-07 00:00:00
F21,567,5,1998-04-05 00:00:00
F21,30,5,1998-04-20 00:00:00
F21,1199,5,1998-03-28 00:00:00
F21,911,5,1998-04-15 00:00:00
F21,629,5,1998-04-09 00:00:00
F21,1448,5,1998-04-21 00:00:00
F21,712,5,1998-04-01 00:00:00
F21,647,5,1998-04-21 00:00:00
F21,1516,5,1998-03-24 00:00:00
F21,494,5,1998-04-08 00:00:00
F21,1497,5,1998-04-12 00:00:00
F21,315,5,1998-04-10 00:00:00
F21,1524,5,1998-04-10 00:00:00
F21,603,5,1998-04-16 00:00:00
F21,562,5,1998-04-20 00:00:00
F21,1627,5,1998-04-02 00:00:00
F21,486,5,1998-04-05 00:00:00
F21,751,5,1998-03-31 00:00:00
F21,1129,5,1998-04-17 00:00:00
F21,837,5,1998-03-28 00:00:00
F21,1312,5,1998-04-16 00:00:00
F21,385,5,1998-04-08 00:00:00
F21,999,5,1998-04-02 00:00:00
F21,960,5,1998-04-03 00:00:00
F21,254,5,1998-03-30 00:00:00
F21,1420,5,1998-04-21 00:00:00
F21,1238,5,1998-03-24 00:00:00
F21,175,5,1998-04-21 00:00:00
F21,1267,5,1998-04-16 00:00:00
F21,289,5,1998-04-02 00:00:00
F21,954,5,1998-04-18 00:00:00
F21,204,5,1998-04-11 00:00:00
F21,1176,5,1998-04-08 00:00:00
F21,612,5,1998-03-27 00:00:00
F21,1037,5,1998-04-20 00:00:00
F21,1669,5,1998-03-27 00:00:00
F21,901,5,1998-04-13 00:00:00
F21,1369,5,1998-04-10 00:00:00
F21,1061,5,1998-04-11 00:00:00
F21,1330,5,1998-04-12 00:00:00
F21,1214,5,1998-03-25 00:00:00
F21,307,5,1998-04-19 00:00:00
F21,456,5,1998-04-02 00:00:00
F21,778,5,1998-03-25 00:00:00
F21,303,5,1998-03-26 00:00:00
F21,1444,5,1998-04-14 00:00:00
F21,604,5,1998-04-03 00:00:00
F21,797,5,1998-04-07 00:00:00
F21,1308,5,1998-03-25 00:00:00
F21,1334,5,1998-03-30 00:00:00
F21,346,5,1998-04-21 00:00:00
F21,935,5,1998-04-09 00:00:00
F21,13,5,1998-04-12 00:00:00
F21,1488,5,1998-03-25 00:00:00
F21,1599,5,1998-04-15 00:00:00
F21,1422,5,1998-04-10 00:00:00
F21,586,5,1998-03-27 00:00:00
F21,422,5,1998-03-25 00:00:00
F21,1187,5,1998-04-15 00:00:00
F21,884,5,1998-03-25 00:00:00
F21,755,5,1998-04-14 00:00:00
F21,386,5,1998-04-19 00:00:00
F21,1125,5,1998-03-27 00:00:00
F21,373,5,1998-04-14 00:00:00
F21,1143,5,1998-04-20 00:00:00
F21,1131,5,1998-04-11 00:00:00
F21,1549,5,1998-03-26 00:00:00
F22,954,5,1998-03-28 00:00:00
F22,175,5,1998-04-03 00:00:00
F22,1061,5,1998-04-14 00:00:00
F22,456,5,1998-04-15 00:00:00
F22,647,5,1998-04-16 00:00:00
F22,13,5,1998-04-21 00:00:00
F22,1128,5,1998-04-13 00:00:00
F22,1176,5,1998-04-05 00:00:00
F22,373,5,1998-04-09 00:00:00
F22,303,5,1998-04-12 00:00:00
F22,567,5,1998-04-01 00:00:00
F22,346,5,1998-04-18 00:00:00
F22,778,5,1998-04-13 00:00:00
F22,1312,5,1998-04-03 00:00:00
F22,1031,5,1998-04-10 00:00:00
F22,1214,5,1998-04-15 00:00:00
F22,204,5,1998-03-30 00:00:00
F22,884,5,1998-04-09 00:00:00
F22,797,5,1998-03-31 00:00:00
F22,1658,5,1998-04-01 00:00:00
F22,1627,5,1998-04-10 00:00:00
F22,1599,5,1998-03-24 00:00:00
F22,1267,5,1998-04-04 00:00:00
F22,1143,5,1998-03-24 00:00:00
F22,200,5,1998-04-02 00:00:00
F22,1199,5,1998-03-26 00:00:00
F22,1238,5,1998-04-18 00:00:00
F22,911,5,1998-04-20 00:00:00
F22,999,5,1998-04-07 00:00:00
F22,1129,5,1998-03-26 00:00:00
F22,1576,5,1998-04-06 00:00:00
F22,494,5,1998-04-03 00:00:00
F22,289,5,1998-03-27 00:00:00
F22,138,5,1998-03-28 00:00:00
F22,1422,5,1998-03-26 00:00:00
F22,1330,5,1998-04-12 00:00:00
F22,1516,5,1998-04-03 00:00:00
F22,228,5,1998-04-01 00:00:00
F22,562,5,1998-04-08 00:00:00
F22,1488,5,1998-04-13 00:00:00
F22,837,5,1998-03-29 00:00:00
F22,1669,5,1998-04-17 00:00:00
F22,1308,5,1998-04-14 00:00:00
F22,865,5,1998-04-02 00:00:00
F22,1187,5,1998-04-21 00:00:00
F22,604,5,1998-04-21 00:00:00
F22,828,5,1998-04-13 00:00:00
F22,957,5,1998-03-27 00:00:00
F22,315,5,1998-04-14 00:00:00
F22,1369,5,1998-03-24 00:00:00
F22,1037,5,1998-03-30 00:00:00
F22,573,5,1998-04-17 00:00:00
F22,1539,5,1998-04-15 00:00:00
F22,1420,5,1998-04-13 00:00:00
F22,586,5,1998-04-11 00:00:00
F22,386,5,1998-04-11 00:00:00
F22,901,5,1998-04-11 00:00:00
F22,963,5,1998-04-06 00:00:00
F22,712,5,1998-04-16 00:00:00
F22,1444,5,1998-04-19 00:00:00
F22,629,5,1998-03-26 00:00:00
F22,1131,5,1998-03-29 00:00:00
F22,221,5,1998-03-27 00:00:00
F22,118,5,1998-04-08 00:00:00
F22,1334,5,1998-04-18 00:00:00
F22,935,5,1998-04-05 00:00:00
F22,603,5,1998-04-16 00:00:00
F22,960,5,1998-03-30 00:00:00
F22,442,5,1998-04-16 00:00:00
F22,486,5,1998-04-17 00:00:00
F22,1549,5,1998-04-18 00:00:00
F22,1448,5,1998-04-17 00:00:00
F22,1125,5,1998-04-11 00:00:00
F22,755,5,1998-04-17 00:00:00
F22,1524,5,1998-04-16 00:00:00
F22,751,5,1998-04-14 00:00:00
F22,1056,5,1998-04-21 00:00:00
F22,30,5,1998-04-05 00:00:00
F22,422,5,1998-04-14 00:00:00
F22,94,5,1998-04-14 00:00:00
F22,174,5,1998-04-10 00:00:00
F22,85,5,1998-04-06 00:00:00
F22,385,5,1998-04-19 00:00:00
F22,1522,5,1998-03-31 00:00:00
F22,1096,5,1998-03-26 00:00:00
F22,1497,5,1998-04-03 00:00:00
F22,612,5,1998-04-07 00:00:00
F22,307,5,1998-04-04 00:00:00
F22,254,5,1998-03-27 00:00:00
F22,581,5,1998-04-19 00:00:00
F23,118,5,1998-04-05 00:00:00
F23,1549,5,1998-04-04 00:00:00
F23,1444,5,1998-04-14 00:00:00
F23,1524,5,1998-04-16 00:00:00
F23,138,5,1998-03-24 00:00:00
F23,442,5,1998-04-07 00:00:00
F23,1369,5,1998-04-12 00:00:00
F23,963,5,1998-04-06 00:00:00
F23,346,5,1998-03-31 00:00:00
F23,1488,5,1998-04-20 00:00:00
F23,865,5,1998-04-17 00:00:00
F23,884,5,1998-04-17 00:00:00
F23,303,5,1998-04-01 00:00:00
F23,1448,5,1998-03-31 00:00:00
F23,373,5,1998-04-13 00:00:00
F23,1129,5,1998-04-07 00:00:00
F23,562,5,1998-04-19 00:00:00
F23,254,5,1998-03-31 00:00:00
F23,30,5,1998-04-16 00:00:00
F23,1187,5,1998-04-16 00:00:00
F23,1599,5,1998-04-05 00:00:00
F23,1669,5,1998-04-13 00:00:00
F23,1334,5,1998-04-14 00:00:00
F23,828,5,1998-04-16 00:00:00
F23,1576,5,1998-04-10 00:00:00
F23,422,5,1998-04-12 00:00:00
F23,567,5,1998-04-16 00:00:00
F23,1037,5,1998-04-15 00:00:00
F23,1143,5,1998-03-25 00:00:00
F23,755,5,1998-04-06 00:00:00
F23,629,5,1998-03-30 00:00:00
F23,1312,5,1998-04-21 00:00:00
F23,901,5,1998-03-24 00:00:00
F23,85,5,1998-04-06 00:00:00
F23,603,5,1998-04-11 00:00:00
F23,1422,5,1998-04-14 00:00:00
F23,778,5,1998-04-08 00:00:00
F23,751,5,1998-04-11 00:00:00
F23,1330,5,1998-03-25 00:00:00
F23,94,5,1998-04-05 00:00:00
F23,1214,5,1998-03-27 00:00:00
F23,289,5,1998-04-07 00:00:00
F23,1627,5,1998-04-21 00:00:00
F23,456,5,1998-04-20 00:00:00
F23,200,5,1998-04-06 00:00:00
F23,960,5,1998-04-18 00:00:00
F23,1125,5,1998-04-10 00:00:00
F23,1056,5,1998-04-11 00:00:00
F23,315,5,1998-03-30 00:00:00
F23,712,5,1998-04-21 00:00:00
F23,307,5,1998-03-31 00:00:00
F23,1516,5,1998-04-18 00:00:00
F23,386,5,1998-04-17 00:00:00
F23,221,5,1998-04-08 00:00:00
F23,797,5,1998-03-26 00:00:00
F23,204,5,1998-04-16 00:00:00
F23,1658,5,1998-03-26 00:00:00
F23,1096,5,1998-03-26 00:00:00
F23,486,5,1998-03-31 00:00:00
F23,999,5,1998-04-12 00:00:00
F23,174,5,1998-04-10 00:00:00
F23,957,5,1998-04-02 00:00:00
F23,1420,5,1998-03-28 00:00:00
F23,13,5,1998-03-24 00:00:00
F23,647,5,1998-03-25 00:00:00
F23,1539,5,1998-04-02 00:00:00
F23,586,5,1998-04-06 00:00:00
F23,385,5,1998-04-14 00:00:00
F23,1031,5,1998-04-17 00:00:00
F23,494,5,1998-04-10 00:00:00
F23,604,5,1998-04-03 00:00:00
F23,911,5,1998-03-30 00:00:00
F23,581,5,1998-04-17 00:00:00
F23,1308,5,1998-04-07 00:00:00
F23,175,5,1998-04-15 00:00:00
F23,1238,5,1998-04-09 00:00:00
F23,837,5,1998-03-26 00:00:00
F23,228,5,1998-04-17 00:00:00
F23,1176,5,1998-04-14 00:00:00
F23,1061,5,1998-03-27 00:00:00
F23,954,5,1998-04-20 00:00:00
F23,1522,5,1998-04-14 00:00:00
F23,1131,5,1998-04-15 00:00:00
F23,1128,5,1998-04-10 00:00:00
F23,1267,5,1998-04-20 00:00:00
F23,573,5,1998-03-31 00:00:00
F23,1497,5,1998-04-19 00:00:00
F23,612,5,1998-04-11 00:00:00
F23,1199,5,1998-04-18 00:00:00
F23,935,5,1998-04-10 00:00:00
F24,1308,5,1998-03-26 00:00:00
F24,303,5,1998-04-19 00:00:00
F24,1488,5,1998-03-31 00:00:00
F24,778,5,1998-03-31 00:00:00
F24,828,5,1998-03-24 00:00:00
F24,486,5,1998-04-12 00:00:00
F24,1516,5,1998-04-08 00:00:00
F24,604,5,1998-04-01 00:00:00
F24,1037,5,1998-04-18 00:00:00
F24,612,5,1998-04-20 00:00:00
F24,315,5,1998-04-06 00:00:00
F24,1448,5,1998-04-12 00:00:00
F24,346,5,1998-04-02 00:00:00
F24,1369,5,1998-04-19 00:00:00
F24,954,5,1998-04-07 00:00:00
F24,138,5,1998-03-29 00:00:00
F24,1125,5,1998-04-14 00:00:00
F24,1334,5,1998-03-29 00:00:00
F24,1129,5,1998-03-30 00:00:00
F24,1524,5,1998-04-09 00:00:00
F24,200,5,1998-04-11 00:00:00
F24,1658,5,1998-04-21 00:00:00
F24,1420,5,1998-04-16 00:00:00
F24,1669,5,1998-04-06 00:00:00
F24,586,5,1998-03-28 00:00:00
F24,1061,5,1998-04-09 00:00:00
F24,30,5,1998-04-07 00:00:00
F24,1599,5,1998-04-05 00:00:00
F24,1422,5,1998-03-28 00:00:00
F24,1176,5,1998-03-28 00:00:00
F24,911,5,1998-04-01 00:00:00
F24,1330,5,1998-04-18 00:00:00
F24,1031,5,1998-04-20 00:00:00
F24,751,5,1998-04-16 00:00:00
F24,935,5,1998-03-27 00:00:00
F24,118,5,1998-03-25 00:00:00
F24,442,5,1998-03-25 00:00:00
F24,289,5,1998-03-27 00:00:00
F24,603,5,1998-04-09 00:00:00
F24,174,5,1998-04-14 00:00:00
F24,573,5,1998-04-02 00:00:00
F24,1312,5,1998-04-17 00:00:00
F24,373,5,1998-04-17 00:00:00
F24,1444,5,1998-03-24 00:00:00
F24,581,5,1998-04-21 00:00:00
F24,1549,5,1998-04-04 00:00:00
F24,629,5,1998-04-08 00:00:00
F24,307,5,1998-04-17 00:00:00
F24,254,5,1998-04-02 00:00:00
F24,647,5,1998-03-28 00:00:00
F24,901,5,1998-04-14 00:00:00
F24,221,5,1998-04-06 00:00:00
F24,204,5,1998-04-06 00:00:00
F24,865,5,1998-04-08 00:00:00
F24,797,5,1998-03-31 00:00:00
F24,957,5,1998-04-14 00:00:00
F24,456,5,1998-03-25 00:00:00
F24,422,5,1998-04-14 00:00:00
F24,1199,5,1998-04-20 00:00:00
F24,1627,5,1998-04-02 00:00:00
F24,1128,5,1998-04-16 00:00:00
F24,175,5,1998-04-06 00:00:00
F24,385,5,1998-04-09 00:00:00
F24,85,5,1998-03-24 00:00:00
F24,1056,5,1998-03-24 00:00:00
F24,1131,5,1998-04-15 00:00:00
F24,1522,5,1998-04-16 00:00:00
F24,999,5,1998-04-15 00:00:00
F24,1497,5,1998-04-01 00:00:00
F24,1576,5,1998-04-08 00:00:00
F24,837,5,1998-04-02 00:00:00
F24,94,5,1998-04-04 00:00:00
F24,13,5,1998-03-28 00:00:00
F24,1267,5,1998-04-06 00:00:00
F24,567,5,1998-03-27 00:00:00
F24,1187,5,1998-03-30 00:00:00
F24,1214,5,1998-04-19 00:00:00
F24,386,5,1998-04-09 00:00:00
F24,562,5,1998-04-12 00:00:00
F24,494,5,1998-04-19 00:00:00
F24,755,5,1998-03-26 00:00:00
F24,1539,5,1998-03-30 00:00:00
F24,884,5,1998-04-19 00:00:00
F24,1096,5,1998-03-28 00:00:00
F24,228,5,1998-04-08 00:00:00
F24,712,5,1998-04-19 00:00:00
F24,963,5,1998-04-02 00:00:00
F24,960,5,1998-04-08 00:00:00
F24,1143,5,1998-04-09 00:00:00
F24,1238,5,1998-04-11 00:00:00
F25,901,5,1998-04-13 00:00:00
F25,30,5,1998-03-28 00:00:00
F25,1096,5,1998-04-20 00:00:00
F25,1312,5,1998-04-03 00:00:00
F25,837,5,1998-03-24 00:00:00
F25,204,5,1998-04-02 00:00:00
F25,228,5,1998-03-31 00:00:00
F25,422,5,1998-03-27 00:00:00
F25,1669,5,1998-03-31 00:00:00
F25,603,5,1998-04-05 00:00:00
F25,1549,5,1998-04-04 00:00:00
F25,911,5,1998-04-15 00:00:00
F25,954,5,1998-04-02 00:00:00
F25,494,5,1998-03-27 00:00:00
F25,957,5,1998-04-21 00:00:00
F25,1488,5,1998-04-19 00:00:00
F25,1444,5,1998-04-20 00:00:00
F25,1143,5,1998-04-14 00:00:00
F25,307,5,1998-04-07 00:00:00
F25,175,5,1998-04-18 00:00:00
F25,289,5,1998-04-16 00:00:00
F25,1497,5,1998-04-02 00:00:00
F25,1267,5,1998-04-15 00:00:00
F25,303,5,1998-04-19 00:00:00
F25,647,5,1998-04-15 00:00:00
F25,315,5,1998-04-09 00:00:00
F25,778,5,1998-04-16 00:00:00
F25,712,5,1998-04-19 00:00:00
F25,567,5,1998-03-29 00:00:00
F25,573,5,1998-04-14 00:00:00
F25,1238,5,1998-04-15 00:00:00
F25,386,5,1998-04-18 00:00:00
F25,797,5,1998-04-10 00:00:00
F25,1176,5,1998-04-07 00:00:00
F25,629,5,1998-04-10 00:00:00
F25,200,5,1998-04-04 00:00:00
F25,1658,5,1998-03-27 00:00:00
F25,755,5,1998-04-17 00:00:00
F25,254,5,1998-04-15 00:00:00
F25,1576,5,1998-04-12 00:00:00
F25,1422,5,1998-03-28 00:00:00
F25,751,5,1998-04-16 00:00:00
F25,1627,5,1998-04-13 00:00:00
F25,1031,5,1998-04-03 00:00:00
F25,612,5,1998-03-30 00:00:00
F25,963,5,1998-04-07 00:00:00
F25,1214,5,1998-04-08 00:00:00
F25,828,5,1998-04-09 00:00:00
F25,85,5,1998-04-05 00:00:00
F25,385,5,1998-04-11 00:00:00
F25,586,5,1998-04-21 00:00:00
F25,1308,5,1998-04-11 00:00:00
F25,1056,5,1998-04-12 00:00:00
F25,1448,5,1998-04-20 00:00:00
F25,174,5,1998-03-26 00:00:00
F25,999,5,1998-04-12 00:00:00
F25,486,5,1998-03-30 00:00:00
F25,221,5,1998-04-16 00:00:00
F25,118,5,1998-04-10 00:00:00
F25,935,5,1998-03-28 00:00:00
F25,1131,5,1998-04-18 00:00:00
F25,1334,5,1998-04-12 00:00:00
F25,562,5,1998-04-08 00:00:00
F25,1125,5,1998-03-27 00:00:00
F25,1599,5,1998-03-30 00:00:00
F25,442,5,1998-03-26 00:00:00
F25,1522,5,1998-03-25 00:00:00
F25,346,5,1998-04-10 00:00:00
F25,1330,5,1998-04-06 00:00:00
F25,13,5,1998-04-07 00:00:00
F25,1037,5,1998-04-14 00:00:00
F25,1187,5,1998-03-24 00:00:00
F25,138,5,1998-04-19 00:00:00
F25,1420,5,1998-04-05 00:00:00
F25,373,5,1998-04-09 00:00:00
F25,1061,5,1998-03-30 00:00:00
F25,884,5,1998-04-11 00:00:00
F25,604,5,1998-04-08 00:00:00
F25,1369,5,1998-04-11 00:00:00
F25,581,5,1998-04-13 00:00:00
F25,1128,5,1998-04-05 00:00:00
F25,1516,5,1998-04-08 00:00:00
F25,456,5,1998-04-16 00:00:00
F25,1199,5,1998-04-10 00:00:00
F25,94,5,1998-04-02 00:00:00
F25,1129,5,1998-04-07 00:00:00
F25,1539,5,1998-04-18 00:00:00
F25,960,5,1998-04-06 00:00:00
F25,865,5,1998-04-09 00:00:00
F25,1524,5,1998-04-17 00:00:00
